tip	bcr_abl1
PD51635aa_lo0046	FALSE
PD51635aa_lo0042	FALSE
PD51635aa_lo0072	FALSE
PD51635aa_lo0015	FALSE
PD51635aa_lo0011	FALSE
PD51635aa_lo0081	FALSE
PD51635aa_lo0078	FALSE
PD51635aa_lo0057	FALSE
PD51635aa_lo0019	FALSE
PD51635aa_lo0008	FALSE
PD51635aa_lo0006	FALSE
PD51635aa_lo0055	FALSE
PD51635aa_lo0074	FALSE
PD51635aa_lo0040	FALSE
PD51635aa_lo0033	FALSE
PD51635aa_lo0089	FALSE
PD51635aa_lo0065	FALSE
PD51635aa_lo0059	FALSE
PD51635aa_lo0028	FALSE
PD51635aa_lo0063	FALSE
PD51635aa_lo0045	FALSE
PD51635aa_lo0002	FALSE
PD51635aa_lo0087	FALSE
PD51635aa_lo0020	FALSE
PD51635aa_lo0062	FALSE
PD51635aa_lo0070	FALSE
PD51635aa_lo0021	FALSE
PD51635aa_lo0061	FALSE
PD51635aa_lo0092	FALSE
PD51635aa_lo0091	FALSE
PD51635aa_lo0049	FALSE
PD51635aa_lo0053	FALSE
PD51635aa_lo0047	FALSE
PD51635aa_lo0093	FALSE
PD51635aa_lo0039	FALSE
PD51635aa_lo0003	FALSE
PD51635aa_lo0013	FALSE
PD51635aa_lo0009	FALSE
PD51635aa_lo0004	FALSE
PD51635aa_lo0060	FALSE
PD51635aa_lo0026	FALSE
PD51635aa_lo0043	FALSE
PD51635aa_lo0071	FALSE
PD51635aa_lo0016	FALSE
PD51635aa_lo0077	FALSE
PD51635aa_lo0082	FALSE
PD51635aa_lo0014	FALSE
PD51635aa_lo0031	FALSE
PD51635aa_lo0034	FALSE
PD51635aa_lo0001	FALSE
PD51635aa_lo0064	FALSE
PD51635aa_lo0029	FALSE
PD51635aa_lo0010	FALSE
PD51635aa_lo0073	FALSE
PD51635aa_lo0052	FALSE
PD51635aa_lo0056	FALSE
PD51635aa_lo0066	FALSE
PD51635aa_lo0024	FALSE
PD51635aa_lo0086	FALSE
PD51635aa_lo0036	FALSE
PD51635aa_lo0051	FALSE
PD51635aa_lo0067	FALSE
PD51635aa_lo0054	FALSE
PD51635aa_lo0022	FALSE
PD51635aa_lo0048	FALSE
PD51635aa_lo0037	FALSE
PD51635aa_lo0032	FALSE
PD51635aa_lo0023	FALSE
PD51635aa_lo0041	FALSE
PD51635aa_lo0058	FALSE
PD51635aa_lo0012	TRUE
PD51635aa_lo0096	TRUE
PD51635w	TRUE
PD51635v	TRUE
PD51635ac	TRUE
PD51635e	TRUE
PD51635h	TRUE
PD51635t	TRUE
PD51635k	TRUE
PD51635u	TRUE
PD51635g	TRUE
PD51635ad	TRUE
PD51635ag	TRUE
PD51635f	TRUE
PD51635p	TRUE
PD51635d	TRUE
PD51635n	TRUE
PD51635c	TRUE
PD51635y	TRUE
PD51635x	TRUE
PD51635l	TRUE
PD51635ae	TRUE
PD51635o	TRUE
PD51635s	TRUE
PD51635q	TRUE
PD51635z	TRUE
PD51635i	TRUE
PD51635ab	TRUE
PD51635m	TRUE
PD51635j	TRUE
PD51635af	TRUE
PD51635ah	TRUE
PD51635aa_lo0084	FALSE
PD51635aa_lo0068	FALSE
PD51635aa_lo0027	FALSE
PD51635aa_lo0035	FALSE
PD51635aa_lo0007	FALSE
PD51635aa_lo0017	FALSE
PD51635aa_lo0076	FALSE
PD51635aa_lo0088	FALSE
PD51635aa_lo0018	FALSE
PD51635aa_lo0083	FALSE
PD51635aa_lo0080	FALSE
PD51635aa_lo0085	FALSE
PD51635aa_lo0005	FALSE
PD51635aa_lo0069	FALSE
PD51635aa_lo0030	FALSE
