donor	tips	median_depth	alias	tip_style
PD45534	922	1200	KX004	sample
PD49229	723	336	BCL002	sample
PD53373	536	377	BCL003	sample
PD49228	487	440	BCL004	sample
PD49227	424	236	BCL008	sample
PD49236	422	1052	KX009	sample
PD40521	407	419	KX001	sample
PD40667	380	518	KX002	sample
PD45517	379	47	CB002	sample
PD48402	367	1213	KX008	sample
PD41048	362	708	SX001	sample
AX001	361	899	BMH1_TG	other
Pair21	353	996		sample
PD49226	345	338	BCL009	sample
Pair25	344	967		sample
Pair24	341	469		sample
PD43974	328	1382	KX003	sample
Pair11	326	1171		sample
PD47738	315	1203	KX007	sample
Pair13	299	934		sample
PD53374	298	405	BCL006	sample
Pair40	281	778		sample
Pair41	281	552		sample
PD43947	277	29	Tree_8pcw	sample
PD47703	259	3519	PX001	sample
Pair38	254	716		sample
Pair28	245	1486		sample
PD41768	234	43	Tree_18pcw	sample
PD49237	231	1042	KX010	sample
Pair31	198	964		sample
PD40315	195	46	CB001	sample
PD44579	174	1144	PX002	sample
PD5182	161	1026		sample
PD6646	118	1451		sample
PD5847	99	1002		sample
PD34493	93	1511		sample
PD5179	93	1075		sample
PD41305	92	1264		sample
PD5117	89	1313		sample
PD7271	89	428		sample
PD41276	85	1268		sample
PD9478	82	1344		sample
PD5163	71	654		sample
PD5147	67	889		sample
PD4781	62	1496		sample
PD6629	61	1066		sample
PD34204	60	5856		sample
PD34215	56	1590		sample
PD34209	55	1923		sample
PD34206	54	4996		sample
PD34205	49	2759		sample
PD34211	49	9599		sample
PD44890	49	22902		sample
PD34207	48	6010		sample
PD34210	45	3831		sample
PD37590	44	3358		sample
PD50307	41	1174	PX003	sample
PD37452	36	5130		sample
PD6634	36	1288		sample
PD37907	35	936	PD37907b	Cl.N-NEEDS-KEY
PD37918	33	2042	PD37918b	Cl.N-NEEDS-KEY
PD36713	32	410	PD36713b	Cl.N-NEEDS-KEY
PD37243	32	1370	PD37243b	Cl.N-NEEDS-KEY
PD37904	32	2142	PD37904b	Cl.N-NEEDS-KEY
PD44887	32	7038		sample
PD37909	31	1576	PD37909b	Cl.N-NEEDS-KEY
PD37234	30	1116	PD37234b	Cl.N-NEEDS-KEY
PD37451	30	1918		sample
PD37453	30	142		sample
PD37454	30	1442		sample
PD36717	29	1067	PD36717b	Cl.N-NEEDS-KEY
PD37111	29	5795	PD37111b	Cl.N-NEEDS-KEY
PD37237	29	1405	PD37237b	Cl.N-NEEDS-KEY
PD36715	28	416	PD36715b	Cl.N-NEEDS-KEY
PD37113	28	1015	PD37113b	Cl.N-NEEDS-KEY
PD37114	28	2731	PD37114b	Cl.N-NEEDS-KEY
PD37456	28	168		sample
PD36714	27	827	PD36714b	Cl.N-NEEDS-KEY
PD37455	27	104		sample
PD36718	26	382	PD36718b	Cl.N-NEEDS-KEY
PD37105	26	4104	PD37105b	Cl.N-NEEDS-KEY
PD37232	26	1588	PD37232b	Cl.N-NEEDS-KEY
PD37238	26	3888	PD37238b	Cl.N-NEEDS-KEY
PD37240	26	2754	PD37240b	Cl.N-NEEDS-KEY
PD37910	26	2959	PD37910b	Cl.N-NEEDS-KEY
PD37914	25	1377	PD37914b	Cl.N-NEEDS-KEY
PD26988	24	3720		sample
PD37118	24	2326	PD37118b	Cl.N-NEEDS-KEY
PD37230	24	848	PD37230b	Cl.N-NEEDS-KEY
PD37915	24	1993	PD37915b	Cl.N-NEEDS-KEY
PD48367	24	6606	PD48367i	Cl.N-NEEDS-KEY
PD48372c	23	5657		Cl.N-NEEDS-KEY
PD37116	22	2390	PD37116b	Cl.N-NEEDS-KEY
PD48367e	22	4769		Cl.N-NEEDS-KEY
PD48372g	22	3686		Cl.N-NEEDS-KEY
PD48372h	22	4607		Cl.N-NEEDS-KEY
PD37110	21	1622	PD37110b	Cl.N-NEEDS-KEY
PD37917	21	1698	PD37917b	Cl.N-NEEDS-KEY
PD48367g	21	7089		Cl.N-NEEDS-KEY
PD37231	20	5576	PD37231b	Cl.N-NEEDS-KEY
PD37239	20	4257	PD37239b	Cl.N-NEEDS-KEY
PD48367b	20	29472		Cl.N-NEEDS-KEY
PD37115	19	1380	PD37115b	Cl.N-NEEDS-KEY
PD37245	19	1054	PD37245b	Cl.N-NEEDS-KEY
PD48372d	19	11853		Cl.N-NEEDS-KEY
PD48372f	19	6203		Cl.N-NEEDS-KEY
PD48367f	18	1688		Cl.N-NEEDS-KEY
PD48372b	18	7928		Cl.N-NEEDS-KEY
PD48367c	17	37747		Cl.N-NEEDS-KEY
PD48367h	17	6287		Cl.N-NEEDS-KEY
PD48372e	17	8240		Cl.N-NEEDS-KEY
PD48367d	15	10914		Cl.N-NEEDS-KEY
PD48372	14	2920	PD48372i	Cl.N-NEEDS-KEY
PD37107	13	3003	PD37107b	Cl.N-NEEDS-KEY
PD30160	11	2216		sample
PD37449	10	1636		sample
PD34200	5	1612		sample
