donor	alias	role	clade_node	clade_depth	clade_size	tree_tips	tip	tip_depth
PD40521	KX001	clade	527	28.0	7	407	PD40521bt	405.0
PD40521	KX001	clade	527	28.0	7	407	PD40521km	438.0
PD40521	KX001	clade	527	28.0	7	407	PD40521aq	471.0
PD40521	KX001	clade	527	28.0	7	407	PD40521cg	487.0
PD40521	KX001	clade	527	28.0	7	407	PD40521cb	494.0
PD40521	KX001	spread	527	28.0	7	407	PD40521hb	611.0
PD40521	KX001	spread	527	28.0	7	407	PD40521xe	585.0
PD40521	KX001	spread	527	28.0	7	407	PD40521wz	602.0
PD40521	KX001	spread	527	28.0	7	407	PD40521xb	584.0
PD40521	KX001	spread	527	28.0	7	407	PD40521it	593.0
PD40667	KX002	clade	502	174.0	5	380	PD40667mi	587.0
PD40667	KX002	clade	502	174.0	5	380	PD40667iy	612.0
PD40667	KX002	clade	502	174.0	5	380	PD40667ay	623.0
PD40667	KX002	clade	502	174.0	5	380	PD40667ly	632.0
PD40667	KX002	clade	502	174.0	5	380	PD40667nz	641.0
PD40667	KX002	spread	502	174.0	5	380	PD40667gw	748.0
PD40667	KX002	spread	502	174.0	5	380	PD40667k	697.0
PD40667	KX002	spread	502	174.0	5	380	PD40667gt	673.0
PD40667	KX002	spread	502	174.0	5	380	PD40667mb	661.0
PD40667	KX002	spread	502	174.0	5	380	PD40667gu	658.0
PD43974	KX003	clade	352	933.0	6	328	PD43974y2	1314.0
PD43974	KX003	clade	352	933.0	6	328	PD43974nk	1362.0
PD43974	KX003	clade	352	933.0	6	328	PD43974ag2	1403.0
PD43974	KX003	clade	352	933.0	6	328	PD43974iu	1416.0
PD43974	KX003	clade	352	933.0	6	328	PD43974jz	1451.0
PD43974	KX003	spread	352	933.0	6	328	PD43974gi	1668.0
PD43974	KX003	spread	352	933.0	6	328	PD43974bk2	1594.0
PD43974	KX003	spread	352	933.0	6	328	PD43974ju	1584.0
PD43974	KX003	spread	352	933.0	6	328	PD43974kd	1547.0
PD43974	KX003	spread	352	933.0	6	328	PD43974qa	1534.0
PD47703	PX001	clade	276	3037.0	5	259	PD47703b_lo0203	3697.0
PD47703	PX001	clade	276	3037.0	5	259	PD47703b_lo0196	4002.0
PD47703	PX001	clade	276	3037.0	5	259	PD47703b_lo0188	4069.0
PD47703	PX001	clade	276	3037.0	5	259	PD47703b_lo0264	4373.0
PD47703	PX001	clade	276	3037.0	5	259	PD47703b_lo0279	4595.0
PD47703	PX001	spread	276	3037.0	5	259	PD47703b_lo0250	4881.0
PD47703	PX001	spread	276	3037.0	5	259	PD47703b_lo0258	4394.0
PD47703	PX001	spread	276	3037.0	5	259	PD47703b_lo0261	4378.0
PD47703	PX001	spread	276	3037.0	5	259	PD47703b_lo0255	4261.0
PD47703	PX001	spread	276	3037.0	5	259	PD47703b_lo0271	4176.0
PD50307	PX003	clade	46	31.0	8	41	PD50307bo	907.0
PD50307	PX003	clade	46	31.0	8	41	PD50307ce	1026.0
PD50307	PX003	clade	46	31.0	8	41	PD50307cp	1074.0
PD50307	PX003	clade	46	31.0	8	41	PD50307bq	1147.0
PD50307	PX003	clade	46	31.0	8	41	PD50307au	1246.0
PD50307	PX003	spread	46	31.0	8	41	PD50307ar	1372.0
PD50307	PX003	spread	46	31.0	8	41	PD50307cq	1356.0
PD50307	PX003	spread	46	31.0	8	41	PD50307h	1308.0
PD50307	PX003	spread	46	31.0	8	41	PD50307ba	1290.0
PD50307	PX003	spread	46	31.0	8	41	PD50307l	1307.0
PD45534	KX004	clade	1411	1030.0	5	922	PD45534ne	1322.0
PD45534	KX004	clade	1411	1030.0	5	922	PD45534jl2	1332.0
PD45534	KX004	clade	1411	1030.0	5	922	PD45534ji2	1338.0
PD45534	KX004	clade	1411	1030.0	5	922	PD45534gy2	1347.0
PD45534	KX004	clade	1411	1030.0	5	922	PD45534op2	1377.0
PD45534	KX004	spread	1411	1030.0	5	922	PD45534akr	1500.0
PD45534	KX004	spread	1411	1030.0	5	922	PD45534dj	1447.0
PD45534	KX004	spread	1411	1030.0	5	922	PD45534rp2	1440.0
PD45534	KX004	spread	1411	1030.0	5	922	PD45534o	1388.0
PD45534	KX004	spread	1411	1030.0	5	922	PD45534wf	1385.0
PD48402	KX008	clade	546	1060.0	7	367	PD48402b_lo0299	1291.0
PD48402	KX008	clade	546	1060.0	7	367	PD48402b_lo0163	1311.0
PD48402	KX008	clade	546	1060.0	7	367	PD48402b_lo0017	1314.0
PD48402	KX008	clade	546	1060.0	7	367	PD48402b_lo0142	1318.0
PD48402	KX008	clade	546	1060.0	7	367	PD48402b_lo0173	1319.0
PD48402	KX008	spread	546	1060.0	7	367	PD48402b_lo0257	1479.0
PD48402	KX008	spread	546	1060.0	7	367	PD48402b_lo0007	1421.0
PD48402	KX008	spread	546	1060.0	7	367	PD48402b_lo0365	1378.0
PD48402	KX008	spread	546	1060.0	7	367	PD48402b_lo0199	1380.0
PD48402	KX008	spread	546	1060.0	7	367	PD48402b_lo0286	1359.0
PD45517	CB002	clade	447	25.0	5	379	PD45517b_lo0073	45.0
PD45517	CB002	clade	447	25.0	5	379	PD45517b_lo0336	56.0
PD45517	CB002	clade	447	25.0	5	379	PD45517b_lo0212	57.0
PD45517	CB002	clade	447	25.0	5	379	PD45517by	61.0
PD45517	CB002	clade	447	25.0	5	379	PD45517b_lo0346	62.0
PD45517	CB002	spread	447	25.0	5	379	PD45517do	62.0
PD45517	CB002	spread	447	25.0	5	379	PD45517b_lo0141	61.0
PD45517	CB002	spread	447	25.0	5	379	PD45517dj	60.0
PD45517	CB002	spread	447	25.0	5	379	PD45517dm	73.0
PD45517	CB002	spread	447	25.0	5	379	PD45517gg	72.0
PD41048	SX001	clade	529	43.0	5	362	PD41048b_lo0359	691.0
PD41048	SX001	clade	529	43.0	5	362	PD41048b_lo0124	699.0
PD41048	SX001	clade	529	43.0	5	362	PD41048b_lo0383	745.0
PD41048	SX001	clade	529	43.0	5	362	PD41048b_lo0260	748.0
PD41048	SX001	clade	529	43.0	5	362	PD41048b_lo0127	772.0
PD41048	SX001	spread	529	43.0	5	362	PD41048b_lo0288	914.0
PD41048	SX001	spread	529	43.0	5	362	PD41048b_sc0010	885.0
PD41048	SX001	spread	529	43.0	5	362	PD41048b_lo0308	889.0
PD41048	SX001	spread	529	43.0	5	362	PD41048b_lo0363	872.0
PD41048	SX001	spread	529	43.0	5	362	PD41048b_lo0138	889.0
