donor	proj	ds	readlen	mapped	assembly	sample
# populated 2026-07-18 by cluster/populate_colonies_tsv.sh (nst_links, header/index reads; readlen_mode=header). ds/assembly are per-BAM (WGS selected by @RG DS); mapped=idxstats mapped reads.
PD37590	2390	WGS_ILLUMINA_short	NA	705946846	GRCh38	PD37590b_lo0058
PD37590	2390	WGS_ILLUMINA_short	NA	742655768	GRCh38	PD37590b_lo0033
PD37590	2390	WGS_ILLUMINA_short	NA	747554958	GRCh38	PD37590b_lo0059
PD37590	2390	WGS_ILLUMINA_short	NA	755981498	GRCh38	PD37590b_lo0030
PD37590	2390	WGS_ILLUMINA_short	NA	757308488	GRCh38	PD37590b_lo0029
PD37590	2390	WGS_ILLUMINA_short	NA	773781367	GRCh38	PD37590b_lo0009
PD37590	2390	WGS_ILLUMINA_short	NA	774812298	GRCh38	PD37590b_lo0028
PD37590	2390	WGS_ILLUMINA_short	NA	777467731	GRCh38	PD37590b_lo0074
PD37590	2390	WGS_ILLUMINA_short	NA	783244947	GRCh38	PD37590b_lo0016
PD37590	2390	WGS_ILLUMINA_short	NA	789885412	GRCh38	PD37590b_lo0052
PD37590	2390	WGS_ILLUMINA_short	NA	792617273	GRCh38	PD37590b_lo0020
PD37590	2390	WGS_ILLUMINA_short	NA	792724743	GRCh38	PD37590b_lo0010
PD37590	2390	WGS_ILLUMINA_short	NA	803102943	GRCh38	PD37590b_lo0084
PD37590	2390	WGS_ILLUMINA_short	NA	808363783	GRCh38	PD37590b_lo0092
PD37590	2390	WGS_ILLUMINA_short	NA	809428919	GRCh38	PD37590b_lo0015
PD37590	2390	WGS_ILLUMINA_short	NA	815483776	GRCh38	PD37590b_lo0041
PD37590	2390	WGS_ILLUMINA_short	NA	816940064	GRCh38	PD37590c_lo0005
PD37590	2390	WGS_ILLUMINA_short	NA	821513363	GRCh38	PD37590b_lo0117
PD37590	2390	WGS_ILLUMINA_short	NA	831760396	GRCh38	PD37590b_lo0075
PD37590	2390	WGS_ILLUMINA_short	NA	833749161	GRCh38	PD37590b_lo0116
PD37590	2390	WGS_ILLUMINA_short	NA	839689297	GRCh38	PD37590c_lo0020
PD37590	2390	WGS_ILLUMINA_short	NA	841147353	GRCh38	PD37590c_lo0009
PD37590	2390	WGS_ILLUMINA_short	NA	848413456	GRCh38	PD37590c_lo0040
PD37590	2390	WGS_ILLUMINA_short	NA	853760126	GRCh38	PD37590b_lo0083
PD37590	2390	WGS_ILLUMINA_short	NA	854692623	GRCh38	PD37590b_lo0018
PD37590	2390	WGS_ILLUMINA_short	NA	859348759	GRCh38	PD37590b_lo0105
PD37590	2390	WGS_ILLUMINA_short	NA	860917650	GRCh38	PD37590c_lo0012
PD37590	2390	WGS_ILLUMINA_short	NA	863143162	GRCh38	PD37590b_lo0053
PD37590	2390	WGS_ILLUMINA_short	NA	863994687	GRCh38	PD37590b_lo0082
PD37590	2390	WGS_ILLUMINA_short	NA	865465643	GRCh38	PD37590b_lo0090
PD37590	2390	WGS_ILLUMINA_short	NA	865505777	GRCh38	PD37590c_lo0048
PD37590	2390	WGS_ILLUMINA_short	NA	866400293	GRCh38	PD37590c_lo0021
PD37590	2390	WGS_ILLUMINA_short	NA	867108224	GRCh38	PD37590c_lo0019
PD37590	2390	WGS_ILLUMINA_short	NA	867419950	GRCh38	PD37590c_lo0032
PD37590	2390	WGS_ILLUMINA_short	NA	869575217	GRCh38	PD37590b_lo0107
PD37590	2390	WGS_ILLUMINA_short	NA	873016504	GRCh38	PD37590c_lo0034
PD37590	2390	WGS_ILLUMINA_short	NA	875508327	GRCh38	PD37590b_lo0051
PD37590	2390	WGS_ILLUMINA_short	NA	877619871	GRCh38	PD37590c_lo0025
PD37590	2390	WGS_ILLUMINA_short	NA	881422439	GRCh38	PD37590b_lo0050
PD37590	2390	WGS_ILLUMINA_short	NA	888336617	GRCh38	PD37590d_lo0012
PD37590	2390	WGS_ILLUMINA_short	NA	889476253	GRCh38	PD37590c_lo0001
PD37590	2390	WGS_ILLUMINA_short	NA	895342663	GRCh38	PD37590c_lo0013
PD37590	2390	WGS_ILLUMINA_short	NA	903145308	GRCh38	PD37590c_lo0043
PD37590	2390	WGS_ILLUMINA_short	NA	937040648	GRCh38	PD37590b_lo0108
