consensus	feature	start	end
L1HS	5UTR	1	910
L1HS	ORF1	911	1927
L1HS	ORF2	1991	5817
L1HS	3UTR	5818	6030
ALU_Y	left_monomer	1	120
ALU_Y	A_linker	121	140
ALU_Y	right_monomer	141	311
ALU_YA5	left_monomer	1	120
ALU_YA5	A_linker	121	140
ALU_YA5	right_monomer	141	311
ALU_YB8	left_monomer	1	120
ALU_YB8	A_linker	121	140
ALU_YB8	right_monomer	141	318
SVA_E	hexamer	1	60
SVA_E	alu_like	61	430
SVA_E	VNTR	431	860
SVA_E	SINE_R	861	1382
SVA_F	hexamer	1	60
SVA_F	alu_like	61	430
SVA_F	VNTR	431	860
SVA_F	SINE_R	861	1375
