id	element_class	subfamily	ta_status	tier	reference	hg38_chrom	hg38_start	hg38_end	strand	hs1_chrom	hs1_start	hs1_end	hs1_strand	orf_intact	consensus	identity_to_consensus	source_id	n_daughters	hotness	in_fasta
UID-1	L1	L1HS	Ta	hot_source	yes	chr8	134070757	134076773	-	chr8	135194759	135194759	-	yes	L1HS	0.9967	L1_chr8_135194759_r	45	hot	l1_intact.fa
UID-2	L1	L1HS	Ta	L1HS_Ta_intact	yes	chr8	128453003	128459021	-	chr8	129580595	129580595	-	yes	L1HS	0.9970	L1_chr8_129580595_r	0	candidate	l1_intact.fa
UID-3	L1	L1HS	Ta	hot_source	yes	chr8	72875571	72881591	-	chr8	73310605	73310605	-	yes	L1HS	0.9963	L1_chr8_73310603_r	32	hot	l1_intact.fa
UID-7	L1	L1HS	Ta	L1HS_Ta_intact	yes	chr8	125582877	125588853	+	chr8	126716417	126716417	+	yes	L1HS	0.9968	L1_chr8_126716418_f	1	active	l1_intact.fa
UID-8	L1	L1HS	Ta	L1HS_Ta_intact	yes	chr11	24327950	24333968	+	chr11	24452403	24458417	+	yes	L1HS	0.9963	L1_chr11_24452405_f	0	none_reported	l1_intact.fa
UID-10	L1	L1HS	Ta	hot_source	yes	chr11	93136639	93142660	+	chr11	93065471	93065471	+	yes	L1HS	0.9963	L1_chr11_93065474_f	18	strong	l1_intact.fa
UID-11	L1	L1HS	Ta	hot_source	yes	chr11	93420983	93426994	+	chr11	93343471	93343471	+	yes	L1HS	0.9960	L1_chr11_93343468_f	14	strong	l1_intact.fa
UID-12	L1	L1HS	Ta	L1HS_Ta_intact	yes	chr11	95436217	95442233	+	chr11	95443397	95449413	+	yes	L1HS	0.9968	L1_chr11_95443397_f	0	none_reported	l1_intact.fa
UID-13	L1	L1HS	preTa	L1HS_preTa_intact	yes	chr11	109177509	109183526	-	chr11	109187782	109193795	-	yes	L1HS	0.9935	L1_chr11_109187768_r	0	candidate	l1_intact.fa
UID-14	L1	L1HS	preTa	L1HS_preTa_intact	yes	chr11	90400081	90406098	-	chr11	90320375	90326390	-	yes	L1HS	0.9925	L1_chr11_90320375_r	0	candidate	l1_intact.fa
UID-15	L1	L1HS	Ta	L1HS_Ta_intact	yes	chr11	78677786	78683802	-	chr11	78611067	78617071	-	yes	L1HS	0.9973	L1_chr11_78611054_r	0	candidate	l1_intact.fa
UID-17	L1	L1HS	Ta	L1HS_Ta_intact	yes	chr16	83637253	83643283	+	chr16	89702698	89708713	+	yes	L1HS	0.9947	L1_chr16_89702698_f	0	candidate	l1_intact.fa
UID-18	L1	L1HS	Ta	L1HS_Ta_intact	yes	chr16	33952591	33958612	-	chr16	35524986	35531007	-	yes	L1HS	0.9967	L1_chr16_35524960_r	0	candidate	l1_intact.fa
UID-20	L1	L1HS	Ta	L1HS_Ta_intact	yes	chr16	18821267	18827060	-	chr16	18757645	18757645	-	yes	L1HS	0.9952	.	0	none_reported	l1_intact.fa
UID-21	L1	L1HS	Ta	L1HS_Ta_intact	yes	chr16	16840550	16846562	-	chr16	16852679	16852679	-	yes	L1HS	0.9952	L1_chr16_16852677_r	0	none_reported	l1_intact.fa
UID-22	L1	L1HS	preTa	L1HS_preTa_intact	yes	chr16	9584504	9590522	-	chr16	9618015	9624033	-	yes	L1HS	0.9939	L1_chr16_9618002_r	0	candidate	l1_intact.fa
UID-23	L1	L1HS	Ta	L1HS_Ta_intact	yes	chr4	169515515	169521532	-	chr4	172875240	172881254	-	yes	L1HS	0.9945	L1_chr4_172875229_r	0	candidate	l1_intact.fa
UID-24	L1	L1HS	Ta	hot_source	yes	chr4	136293531	136299546	-	chr4	139616116	139622131	-	yes	L1HS	0.9978	L1_chr4_139616079_r	22	hot	l1_intact.fa
UID-25	L1	L1HS	Ta	L1HS_Ta_intact	yes	chr4	93638321	93644339	-	chr4	96959692	96959692	-	yes	L1HS	0.9953	L1_chr4_96959694_r	0	candidate	l1_intact.fa
UID-26	L1	L1HS	Ta	hot_source	yes	chr4	90675740	90681757	-	chr4	94007270	94007270	-	yes	L1HS	0.9963	L1_chr4_94007270_r	16	strong	l1_intact.fa
UID-27	L1	L1HS	Ta	hot_source	yes	chr4	74717569	74723587	-	chr4	78063687	78063687	-	yes	L1HS	0.9950	L1_chr4_78063688_r	8	strong	l1_intact.fa
UID-28	L1	L1HS	Ta	hot_source	yes	chr4	21159391	21165408	+	chr4	21140995	21147012	+	yes	L1HS	0.9975	L1_chr4_21140995_f	7	strong	l1_intact.fa
UID-29	L1	L1HS	Ta	L1HS_Ta_intact	yes	chr4	59078846	59084864	+	chr4	62528617	62528617	+	yes	L1HS	0.9939	L1_chr4_62528620_f	0	candidate	l1_intact.fa
UID-30	L1	L1HS	ambiguous	L1HS_preTa_intact	yes	chr4	78347981	78353997	+	chr4	81689176	81689176	+	yes	L1HS	0.9950	L1_chr4_81689177_f	0	candidate	l1_intact.fa
UID-31	L1	L1HS	Ta	L1HS_Ta_intact	yes	chr4	79937716	79943735	+	chr4	83274117	83280128	+	yes	L1HS	0.9963	L1_chr4_83274117_f	0	candidate	l1_intact.fa
UID-32	L1	L1HS	Ta	L1HS_Ta_intact	yes	chr4	111894802	111900817	+	chr4	115203141	115209152	+	yes	L1HS	0.9925	L1_chr4_115203141_f	0	none_reported	l1_intact.fa
UID-33	L1	L1HS	preTa	L1HS_preTa_intact	yes	chr17	9615986	9622004	+	chr17	9523696	9529714	+	yes	L1HS	0.9935	L1_chr17_9523696_f	0	candidate	l1_intact.fa
UID-34	L1	L1HS	Ta	L1HS_Ta_intact	yes	chr10	5245353	5251372	+	chr10	5247101	5253119	+	yes	L1HS	0.9947	L1_chr10_5247103_f	0	candidate	l1_intact.fa
UID-35	L1	L1HS	Ta	hot_source	yes	chr10	109812438	109818457	-	chr10	110702350	110702350	-	yes	L1HS	0.9953	L1_chr10_110702350_r	9	strong	l1_intact.fa
UID-37	L1	L1HS	preTa	L1HS_preTa_intact	yes	chr10	98782953	98788971	-	chr10	99664576	99670589	-	yes	L1HS	0.9930	L1_chr10_99664563_r	1	active	l1_intact.fa
UID-38	L1	L1HS	Ta	L1HS_Ta_intact	yes	chr10	33510859	33516876	-	chr10	33539683	33545700	-	yes	L1HS	0.9942	L1_chr10_33539670_r	0	candidate	l1_intact.fa
UID-39	L1	L1HS	preTa	L1HS_preTa_intact	yes	chr10	19088599	19094618	-	chr10	19107615	19113633	-	yes	L1HS	0.9914	L1_chr10_19107606_r	0	none_reported	l1_intact.fa
UID-40	L1	L1HS	Ta	L1HS_Ta_intact	yes	chr2	175481979	175487994	-	chr2	175970677	175976692	-	yes	L1HS	0.9950	L1_chr2_175970651_r	0	candidate	l1_intact.fa
UID-43	L1	L1HS	preTa	L1HS_preTa_intact	yes	chr2	102566368	102572385	-	chr2	103025339	103031357	-	yes	L1HS	0.9945	L1_chr2_103025327_r	0	none_reported	l1_intact.fa
UID-44	L1	L1HS	preTa	L1HS_preTa_intact	yes	chr2	86655251	86661270	-	chr2	86657244	86663263	-	yes	L1HS	0.9934	L1_chr2_86657209_r	0	candidate	l1_intact.fa
UID-45	L1	L1HS	Ta	L1HS_Ta_intact	yes	chr2	16593739	16599758	-	chr2	16625439	16631458	-	yes	L1HS	0.9958	L1_chr2_16625426_r	0	candidate	l1_intact.fa
UID-48	L1	L1HS	preTa	L1HS_preTa_intact	yes	chr2	166988452	166994477	+	chr2	167446408	167452433	+	yes	L1HS	0.9937	L1_chr2_167446411_f	0	candidate	l1_intact.fa
UID-49	L1	L1HS	Ta	L1HS_Ta_intact	yes	chr2	196905587	196911606	+	chr2	197389288	197395307	+	yes	L1HS	0.9968	L1_chr2_197389289_f	0	candidate	l1_intact.fa
UID-50	L1	L1HS	Ta	hot_source	yes	chrX	11707249	11713266	+	chrX	11289796	11295813	+	yes	L1HS	0.9973	L1_chrX_11289796_f	219	hot	l1_intact.fa
UID-51	L1	L1HS	preTa	L1HS_preTa_intact	yes	chrX	23238517	23244533	+	chrX	22822070	22828087	+	yes	L1HS	0.9905	L1_chrX_22822070_f	0	candidate	l1_intact.fa
UID-52	L1	L1HS	Ta	L1HS_Ta_intact	yes	chrX	142477845	142483856	+	chrX	140786523	140792537	+	yes	L1HS	0.9924	L1_chrX_140786528_f	0	none_reported	l1_intact.fa
UID-53	L1	L1HS	Ta	L1HS_Ta_intact	yes	chrX	155516030	155522048	-	chrX	153754293	153760311	-	yes	L1HS	0.9944	L1_chrX_153754280_r	0	candidate	l1_intact.fa
UID-54	L1	L1HS	Ta	L1HS_Ta_intact	yes	chrX	141421229	141427246	-	chrX	139735880	139735880	-	yes	L1HS	0.9972	L1_chrX_139735884_r	0	none_reported	l1_intact.fa
UID-55	L1	L1HS	Ta	L1HS_Ta_intact	yes	chrX	96057825	96063845	-	chrX	94503192	94503192	-	yes	L1HS	0.9934	L1_chrX_94503192_r	0	none_reported	l1_intact.fa
UID-56	L1	L1HS	preTa	L1HS_preTa_intact	yes	chrX	83059619	83065637	-	chrX	81493046	81499063	-	yes	L1HS	0.9912	L1_chrX_81493012_r	1	active	l1_intact.fa
UID-57	L1	L1HS	Ta	L1HS_Ta_intact	yes	chrX	64013268	64019287	-	chrX	62438550	62444569	-	yes	L1HS	0.9904	L1_chrX_62438550_r	0	candidate	l1_intact.fa
UID-58	L1	L1HS	Ta	L1HS_Ta_intact	yes	chrX	54118727	54124746	-	chrX	53408618	53414637	-	yes	L1HS	0.9958	L1_chrX_53408578_r	0	candidate	l1_intact.fa
UID-62	L1	L1HS	Ta	hot_source	yes	chrX	11935297	11941315	-	chrX	11517855	11523873	-	yes	L1HS	0.9968	L1_chrX_11517647_r	124	hot	l1_intact.fa
UID-63	L1	L1HS	Ta	L1HS_Ta_intact	yes	chr12	126299024	126305040	-	chr12	126307794	126313810	-	yes	L1HS	0.9973	L1_chr12_126307794_r	0	none_reported	l1_intact.fa
UID-64	L1	L1HS	preTa	L1HS_preTa_intact	yes	chr12	54788572	54794589	+	chr12	54755226	54761240	+	yes	L1HS	0.9917	L1_chr12_54755228_f	0	candidate	l1_intact.fa
UID-68	L1	L1HS	Ta	L1HS_Ta_intact	yes	chr7	141920695	141926712	-	chr7	143236472	143242489	-	yes	L1HS	0.9968	L1_chr7_143236431_r	3	active	l1_intact.fa
UID-69	L1	L1HS	Ta	L1HS_Ta_intact	yes	chr7	113776136	113782152	-	chr7	115096832	115096832	-	yes	L1HS	0.9962	L1_chr7_115096829_r	0	none_reported	l1_intact.fa
UID-70	L1	L1HS	Ta	L1HS_Ta_intact	yes	chr7	111243529	111249546	-	chr7	112561893	112567910	-	yes	L1HS	0.9962	L1_chr7_112561880_r	0	none_reported	l1_intact.fa
UID-71	L1	L1HS	preTa	L1HS_preTa_intact	yes	chr7	110707018	110713029	-	chr7	112025347	112031358	-	yes	L1HS	0.9933	L1_chr7_112025334_r	0	none_reported	l1_intact.fa
UID-72	L1	L1HS	preTa	L1HS_preTa_intact	yes	chr7	93787661	93793679	-	chr7	95030313	95030313	-	yes	L1HS	0.9929	L1_chr7_95030312_r	0	candidate	l1_intact.fa
UID-73	L1	L1HS	preTa	L1HS_preTa_intact	yes	chr7	63148844	63154859	-	chr7	64347670	64353606	-	yes	L1HS	0.9929	L1_chr7_64347657_r	0	none_reported	l1_intact.fa
UID-74	L1	L1HS	Ta	hot_source	yes	chr7	49680282	49686302	-	chr7	49841313	49847333	-	yes	L1HS	0.9962	L1_chr7_49841277_r	8	strong	l1_intact.fa
UID-75	L1	L1HS	Ta	hot_source	yes	chr7	30439242	30445261	+	chr7	30576940	30582959	+	yes	L1HS	0.9975	L1_chr7_30576941_f	36	hot	l1_intact.fa
UID-77	L1	L1HS	Ta	hot_source	yes	chr5	58384175	58390193	+	chr5	59202566	59208584	+	yes	L1HS	0.9949	L1_chr5_59202566_f	6	strong	l1_intact.fa
UID-78	L1	L1HS	preTa	L1HS_preTa_intact	yes	chr5	102131357	102137375	+	chr5	102639456	102645473	+	yes	L1HS	0.9932	L1_chr5_102639456_f	0	candidate	l1_intact.fa
UID-79	L1	L1HS	Ta	L1HS_Ta_intact	yes	chr5	104518588	104524604	+	chr5	105027501	105027501	+	yes	L1HS	0.9973	L1_chr5_105027498_f	0	candidate	l1_intact.fa
UID-80	L1	L1HS	Ta	L1HS_Ta_intact	yes	chr5	109259387	109265405	+	chr5	109762848	109768866	+	yes	L1HS	0.9972	L1_chr5_109762849_f	0	candidate	l1_intact.fa
UID-81	L1	L1HS	preTa	L1HS_preTa_intact	yes	chr5	111302231	111308250	+	chr5	111812854	111818873	+	yes	L1HS	0.9929	L1_chr5_111812862_f	0	candidate	l1_intact.fa
UID-82	L1	L1HS	preTa	L1HS_preTa_intact	yes	chr5	146609480	146615502	+	chr5	147145376	147151399	+	yes	L1HS	0.9940	L1_chr5_147145382_f	0	candidate	l1_intact.fa
UID-83	L1	L1HS	Ta	L1HS_Ta_intact	yes	chr5	177772246	177778261	+	chr5	178315726	178321741	+	yes	L1HS	0.9963	L1_chr5_178315726_f	0	candidate	l1_intact.fa
UID-84	L1	L1HS	Ta	L1HS_Ta_intact	yes	chr5	173402810	173408829	-	chr5	173942895	173948914	-	yes	L1HS	0.9965	L1_chr5_173942882_r	0	candidate	l1_intact.fa
UID-85	L1	L1HS	Ta	L1HS_Ta_intact	yes	chr5	152886468	152892473	-	chr5	153419656	153425661	-	yes	L1HS	0.9934	L1_chr5_153419643_r	0	candidate	l1_intact.fa
UID-87	L1	L1HS	preTa	hot_source	yes	chr5	79778926	79784939	-	chr5	80262845	80268858	-	yes	L1HS	0.9955	L1_chr5_80262833_r	13	strong	l1_intact.fa
UID-88	L1	L1HS	Ta	L1HS_Ta_intact	yes	chr3	3963077	3969097	+	chr3	3959050	3965067	+	yes	L1HS	0.9927	L1_chr3_3959050_f	0	candidate	l1_intact.fa
UID-90	L1	L1HS	Ta	L1HS_Ta_intact	yes	chr3	109199873	109205890	+	chr3	111920153	111926170	+	yes	L1HS	0.9968	L1_chr3_111920153_f	0	candidate	l1_intact.fa
UID-91	L1	L1HS	Ta	L1HS_Ta_intact	yes	chr3	130628808	130634052	+	chr3	133372628	133377872	+	yes	L1HS	0.9966	.	0	none_reported	l1_intact.fa
UID-92	L1	L1HS	Ta	L1HS_Ta_intact	yes	chr3	159095377	159101394	-	chr3	161869178	161875195	-	yes	L1HS	0.9952	L1_chr3_161869181_r	0	candidate	l1_intact.fa
UID-94	L1	L1HS	preTa	L1HS_preTa_intact	yes	chr3	136479090	136485104	-	chr3	139219781	139225798	-	yes	L1HS	0.9907	L1_chr3_139219747_r	0	candidate	l1_intact.fa
UID-95	L1	L1HS	Ta	L1HS_Ta_intact	yes	chr3	103556551	103562569	-	chr3	106273386	106279404	-	yes	L1HS	0.9952	L1_chr3_106273373_r	0	candidate	l1_intact.fa
UID-97	L1	L1HS	preTa	L1HS_preTa_intact	yes	chr3	77763691	77769678	-	chr3	77818525	77824512	-	yes	L1HS	0.9892	L1_chr3_77818512_r	0	none_reported	l1_intact.fa
UID-98	L1	L1HS	preTa	L1HS_preTa_intact	yes	chr1	237019478	237025496	-	chr1	236430485	236436503	-	yes	L1HS	0.9950	L1_chr1_236430475_r	0	candidate	l1_intact.fa
UID-99	L1	L1HS	preTa	L1HS_preTa_intact	yes	chr1	209913806	209919824	-	chr1	209152664	209158680	-	yes	L1HS	0.9930	L1_chr1_209152623_r	0	candidate	l1_intact.fa
UID-100	L1	L1HS	Ta	L1HS_Ta_intact	yes	chr1	187343778	187349794	-	chr1	186698305	186704322	-	yes	L1HS	0.9940	L1_chr1_186698292_r	1	active	l1_intact.fa
UID-101	L1	L1HS	preTa	L1HS_preTa_intact	yes	chr1	180866825	180872843	-	chr1	180222021	180228039	-	yes	L1HS	0.9947	L1_chr1_180222008_r	0	none_reported	l1_intact.fa
UID-102	L1	L1HS	preTa	L1HS_preTa_intact	yes	chr1	174590363	174596380	-	chr1	173948326	173954345	-	yes	L1HS	0.9939	L1_chr1_173948287_r	0	none_reported	l1_intact.fa
UID-104	L1	L1HS	Ta	hot_source	yes	chr1	86679094	86685113	-	chr1	86519130	86525145	-	yes	L1HS	0.9944	L1_chr1_86519117_r	39	hot	l1_intact.fa
UID-105	L1	L1HS	Ta	hot_source	yes	chr1	84052390	84058406	-	chr1	83892828	83898844	-	yes	L1HS	0.9965	L1_chr1_83892779_r	44	hot	l1_intact.fa
UID-106	L1	L1HS	preTa	L1HS_preTa_intact	yes	chr1	80939248	80945263	-	chr1	80776802	80782817	-	yes	L1HS	0.9940	L1_chr1_80776758_r	1	active	l1_intact.fa
UID-107	L1	L1HS	preTa	L1HS_preTa_intact	yes	chr1	71513733	71519729	+	chr1	71391471	71397468	+	yes	L1HS	0.9925	L1_chr1_71391437_f	0	candidate	l1_intact.fa
UID-109	L1	L1HS	Ta	hot_source	yes	chr1	113497217	113503218	+	chr1	113508922	113514923	+	yes	L1HS	0.9948	L1_chr1_113508926_f	20	hot	l1_intact.fa
UID-110	L1	L1HS	preTa	hot_source	yes	chr1	118852352	118858369	+	chr1	118865558	118871575	+	yes	L1HS	0.9939	L1_chr1_118865558_f	86	hot	l1_intact.fa
UID-111	L1	L1HS	preTa	L1HS_preTa_intact	yes	chr1	187597672	187603686	+	chr1	186950537	186956551	+	yes	L1HS	0.9922	L1_chr1_186950537_f	0	none_reported	l1_intact.fa
UID-112	L1	L1HS	Ta	hot_source	yes	chr1	247687174	247693191	+	chr1	247124046	247124046	+	yes	L1HS	0.9947	L1_chr1_247124044_f	6	strong	l1_intact.fa
UID-115	L1	L1HS	preTa	L1HS_preTa_intact	yes	chr6	117102131	117108150	+	chr6	118285947	118291966	+	yes	L1HS	0.9929	L1_chr6_118285948_f	0	candidate	l1_intact.fa
UID-116	L1	L1HS	Ta	L1HS_Ta_intact	yes	chr6	128998386	129004403	+	chr6	130191578	130197596	+	yes	L1HS	0.9965	L1_chr6_130191578_f	0	candidate	l1_intact.fa
UID-118	L1	L1HS	Ta	L1HS_Ta_intact	yes	chr6	133020730	133026746	-	chr6	134215663	134215663	-	yes	L1HS	0.9960	L1_chr6_134215665_r	0	candidate	l1_intact.fa
UID-119	L1	L1HS	Ta	L1HS_Ta_intact	yes	chr6	72988668	72994687	-	chr6	74165268	74171287	-	yes	L1HS	0.9955	L1_chr6_74165255_r	0	candidate	l1_intact.fa
UID-120	L1	L1HS	Ta	hot_source	yes	chr6	24811692	24817706	-	chr6	24682780	24682780	-	yes	L1HS	0.9970	L1_chr6_24682781_r	27	hot	l1_intact.fa
UID-121	L1	L1HS	Ta	L1HS_Ta_intact	yes	chr6	2417785	2423803	-	chr6	2283056	2289074	-	yes	L1HS	0.9962	L1_chr6_2283045_r	0	none_reported	l1_intact.fa
UID-122	L1	L1HS	Ta	L1HS_Ta_intact	yes	chr9	28111922	28117865	-	chr9	28122533	28128475	-	yes	L1HS	0.9919	L1_chr9_28122507_r	0	candidate	l1_intact.fa
UID-124	L1	L1HS	Ta	L1HS_Ta_intact	yes	chr9	90149605	90155622	+	chr9	102314711	102320728	+	yes	L1HS	0.9958	L1_chr9_102314711_f	0	candidate	l1_intact.fa
UID-125	L1	L1HS	Ta	L1HS_Ta_intact	yes	chr9	95697579	95703591	+	chr9	107868273	107874285	+	yes	L1HS	0.9958	L1_chr9_107868280_f	0	none_reported	l1_intact.fa
UID-126	L1	L1HS	Ta	L1HS_Ta_intact	yes	chr13	29641720	29647708	-	chr13	28864317	28870305	-	yes	L1HS	0.9970	L1_chr13_28864304_r	4	active	l1_intact.fa
UID-129	L1	L1HS	Ta	L1HS_Ta_intact	yes	chr15	54926082	54932101	-	chr15	52735754	52735754	-	yes	L1HS	0.9958	L1_chr15_52735754_r	0	candidate	l1_intact.fa
UID-130	L1	L1HS	Ta	L1HS_Ta_intact	yes	chr15	70729745	70735147	+	chr15	68552662	68558064	+	yes	L1HS	0.9974	L1_chr15_68552571_f	0	none_reported	l1_intact.fa
UID-132	L1	L1HS	Ta	L1HS_Ta_intact	yes	chr15	87509888	87515907	+	chr15	85264449	85270468	+	yes	L1HS	0.9940	L1_chr15_85264453_f	0	candidate	l1_intact.fa
UID-134	L1	L1HS	Ta	L1HS_Ta_intact	yes	chr22	48985775	48991792	-	chr22	49488454	49494468	-	yes	L1HS	0.9960	L1_chr22_49488441_r	0	candidate	l1_intact.fa
UID-135	L1	L1HS	Ta	hot_source	yes	chr22	28663284	28669302	+	chr22	29124725	29130743	+	yes	L1HS	0.9968	L1_chr22_29124725_f	922	hot	l1_intact.fa
UID-136	L1	L1HS	Ta	L1HS_Ta_intact	yes	chr20	12801029	12807044	-	chr20	12844435	12850450	-	yes	L1HS	0.9950	L1_chr20_12844424_r	0	candidate	l1_intact.fa
UID-137	L1	L1HS	Ta	L1HS_Ta_intact	yes	chr20	7116195	7122199	-	chr20	7157661	7163665	-	yes	L1HS	0.9920	L1_chr20_7157661_r	0	none_reported	l1_intact.fa
UID-138	L1	L1HS	Ta	L1HS_Ta_intact	yes	chr14	70547291	70553309	+	chr14	64753312	64759330	+	yes	L1HS	0.9957	L1_chr14_64753312_f	0	candidate	l1_intact.fa
UID-139	L1	L1HS	Ta	L1HS_Ta_intact	yes	chr14	63116720	63122737	-	chr14	57324347	57330364	-	yes	L1HS	0.9953	L1_chr14_57324334_r	0	candidate	l1_intact.fa
UID-141	L1	L1HS	preTa	L1HS_preTa_intact	yes	chr18	37819738	37825756	+	chr18	38013875	38019891	+	yes	L1HS	0.9942	L1_chr18_38013875_f	0	candidate	l1_intact.fa
UID-142	L1	L1HS	Ta	L1HS_Ta_intact	yes	chr18	70746563	70752581	-	chr18	70968325	70974343	-	yes	L1HS	0.9958	L1_chr18_70968319_r	0	candidate	l1_intact.fa
UID-144	L1	L1HS	preTa	L1HS_preTa_intact	yes	chr18	50343971	50349987	-	chr18	50545704	50551720	-	yes	L1HS	0.9934	L1_chr18_50545693_r	0	candidate	l1_intact.fa
UID-146	L1	L1HS	Ta	L1HS_Ta_intact	yes	chrY	5606182	5612199	-	chrY	5286198	5292215	-	yes	L1HS	0.9950	L1_chrY_5286161_r	0	candidate	l1_intact.fa
L1_chr1_31396444_r	L1	.	.	hot_source	no	chr1	31538743	31538743	-	chr1	31396444	31396444	-	.	L1HS	.	L1_chr1_31396444_r	13	strong	.
L1_chr1_101952984_f	L1	.	.	hot_source	no	chr1	102103360	102103360	+	chr1	101952984	101952984	+	.	L1HS	.	L1_chr1_101952984_f	5	strong	.
L1_chr1_116448635_r	L1	.	.	hot_source	no	chr1	116438213	116438213	-	chr1	116448635	116448635	-	.	L1HS	.	L1_chr1_116448635_r	13	strong	.
L1_chr1_161558499_r	L1	.	.	hot_source	no	chr1	162214535	162214535	-	chr1	161558499	161558499	-	.	L1HS	.	L1_chr1_161558499_r	6	strong	.
L1_chr1_178961234_r	L1	Ta1d	.	hot_source	no	chr1	179606234	179606234	-	chr1	178961234	178961234	-	.	L1HS	.	L1_chr1_178961234_r	6	strong	.
L1_chr10_31258281_r	L1	.	.	hot_source	no	chr10	31228537	31228537	-	chr10	31258281	31258281	-	.	L1HS	.	L1_chr10_31258281_r	8	strong	.
L1_chr10_36501617_f	L1	.	.	hot_source	no	chr10	36470350	36470350	+	chr10	36501617	36501617	+	.	L1HS	.	L1_chr10_36501617_f	6	strong	.
L1_chr10_86235642_f	L1	L1HS(Ta0)	Ta	hot_source	yes	chr10	85355507	85361538	+	chr10	86235642	86241673	+	.	L1HS	0.9950	L1_chr10_86235642_f	8	strong	.
L1_chr11_14811186_f	L1	L1PA2(PA2)	nonTa	hot_source	yes	chr11	14715909	14721938	+	chr11	14811186	14817214	+	.	L1HS	0.9841	L1_chr11_14811186_f	5	strong	.
L1_chr11_45293007_f	L1	.	.	hot_source	no	chr11	45135487	45135487	+	chr11	45293007	45293007	+	.	L1HS	.	L1_chr11_45293007_f	7	strong	.
L1_chr12_3505742_r	L1	L1HS(L1Ta0/Ta0)	Ta	hot_source	yes	chr12	3499196	3505228	-	chr12	3505742	3511774	-	.	L1HS	0.9960	L1_chr12_3505742_r	39	hot	.
L1_chr12_33038029_r	L1	Ta1d	.	hot_source	no	chr12	33172864	33172864	-	chr12	33038029	33044046	-	.	L1HS	.	L1_chr12_33038029_r	5	strong	.
L1_chr12_70605671_f	L1	Ta1d	.	hot_source	no	chr12	70626260	70626260	+	chr12	70605671	70605671	+	.	L1HS	.	L1_chr12_70605671_f	21	hot	.
L1_chr12_96492897_r	L1	.	.	hot_source	no	chr12	96518784	96518784	-	chr12	96492897	96492897	-	.	L1HS	.	L1_chr12_96492897_r	8	strong	.
L1_chr12_117357749_r	L1	L1Ta1d/Ta1d	.	hot_source	no	chr12	117376648	117376648	-	chr12	117357749	117363766	-	.	L1HS	.	L1_chr12_117357749_r	12	strong	.
L1_chr13_60108639_r	L1	Ta1nd	.	hot_source	no	chr13	60888206	60888206	-	chr13	60108639	60108639	-	.	L1HS	.	L1_chr13_60108639_r	50	hot	.
L1_chr14_24879427_r	L1	Ta1d	.	hot_source	no	chr14	30681610	30681610	-	chr14	24879427	24879427	-	.	L1HS	.	L1_chr14_24879427_r	18	strong	.
L1_chr14_52960786_f	L1	Ta1d/Unknown	.	hot_source	no	chr14	58753675	58753675	+	chr14	52960786	52960786	+	.	L1HS	.	L1_chr14_52960786_f	389	hot	.
L1_chr14_64937074_f	L1	Ta1d	.	hot_source	no	chr14	70731071	70731071	+	chr14	64937074	64937074	+	.	L1HS	.	L1_chr14_64937074_f	23	hot	.
L1_chr15_53762370_f	L1	Ta1d	.	hot_source	no	chr15	55958945	55958945	+	chr15	53762370	53762370	+	.	L1HS	.	L1_chr15_53762370_f	23	hot	.
L1_chr15_82350098_f	L1	.	.	hot_source	no	chr15	84597670	84597670	+	chr15	82350098	82350098	+	.	L1HS	.	L1_chr15_82350098_f	12	strong	.
L1_chr16_27693370_r	L1	.	.	hot_source	no	chr16	27414612	27414612	-	chr16	27693370	27693370	-	.	L1HS	.	L1_chr16_27693370_r	15	strong	.
L1_chr17_80647327_f	L1	Ta1d	.	hot_source	no	chr17	79749540	79749540	+	chr17	80647327	80647327	+	.	L1HS	.	L1_chr17_80647327_f	7	strong	.
L1_chr18_59605378_r	L1	L1PA2(preTa)	nonTa	hot_source	yes	chr18	59403940	59409970	-	chr18	59605378	59611409	-	yes	L1HS	0.9915	L1_chr18_59605378_r	35	hot	.
L1_chr18_75808062_r	L1	.	.	hot_source	no	chr18	75578684	75578684	-	chr18	75808062	75808062	-	.	L1HS	.	L1_chr18_75808062_r	6	strong	.
L1_chr2_11027870_r	L1	L1HS(Ta1nd)	Ta	hot_source	yes	chr2	10996106	11002136	-	chr2	11027870	11033900	-	.	L1HS	0.9958	L1_chr2_11027870_r	7	strong	.
L1_chr2_36349766_r	L1	.	.	hot_source	no	chr2	36343108	36343108	-	chr2	36349766	36349766	-	.	L1HS	.	L1_chr2_36349766_r	13	strong	.
L1_chr2_134799650_f	L1	.	.	hot_source	no	chr2	134360134	134360134	+	chr2	134799650	134799650	+	.	L1HS	.	L1_chr2_134799650_f	6	strong	.
L1_chr2_143701409_f	L1	L1Ta1d/Ta1d	.	hot_source	no	chr2	143253217	143253217	+	chr2	143701409	143701409	+	.	L1HS	.	L1_chr2_143701409_f	15	strong	.
L1_chr2_156124001_f	L1	L1Ta1d	.	hot_source	no	chr2	155671323	155671323	+	chr2	156124001	156124001	+	.	L1HS	.	L1_chr2_156124001_f	173	hot	.
L1_chr2_191103305_r	L1	.	.	hot_source	no	chr2	190613981	190613981	-	chr2	191103305	191103305	-	.	L1HS	.	L1_chr2_191103305_r	15	strong	.
L1_chr20_23485650_f	L1	L1HS(Ta0)	Ta	hot_source	yes	chr20	23426109	23432140	+	chr20	23485650	23491680	+	.	L1HS	0.9965	L1_chr20_23485650_f	29	hot	.
L1_chr3_20053096_r	L1	.	.	hot_source	no	chr3	20049033	20049033	-	chr3	20053096	20053096	-	.	L1HS	.	L1_chr3_20053096_r	15	strong	.
L1_chr3_27489906_r	L1	.	.	hot_source	no	chr3	27487809	27487809	-	chr3	27489906	27489906	-	.	L1HS	.	L1_chr3_27489906_r	5	strong	.
L1_chr3_55788671_f	L1	Ta1d/Unknown	.	hot_source	no	chr3	55754546	55754546	+	chr3	55788671	55794727	+	.	L1HS	.	L1_chr3_55788671_f	23	hot	.
L1_chr3_89537199_r	L1	L1HS(L1Ta1d/Ta1d)	Ta	hot_source	yes	chr3	89460826	89466856	-	chr3	89537199	89543228	-	.	L1HS	0.9965	L1_chr3_89537199_r	12	strong	.
L1_chr3_104267040_f	L1	Ta1d	.	hot_source	no	chr3	101560806	101560806	+	chr3	104267040	104273070	+	.	L1HS	.	L1_chr3_104267040_f	15	strong	.
L1_chr3_126591956_f	L1	.	.	hot_source	no	chr3	123871872	123871872	+	chr3	126591956	126597985	+	.	L1HS	.	L1_chr3_126591956_f	97	hot	.
L1_chr3_154181759_r	L1	preTa	.	hot_source	no	chr3	151430761	151430761	-	chr3	154181759	154187776	-	.	L1HS	.	L1_chr3_154181759_r	11	strong	.
L1_chr3_164105030_r	L1	.	.	hot_source	no	chr3	161330266	161330266	-	chr3	164105030	164105030	-	.	L1HS	.	L1_chr3_164105030_r	49	hot	.
L1_chr3_189470061_f	L1	.	.	hot_source	no	chr3	186654343	186654343	+	chr3	189470061	189476089	+	.	L1HS	.	L1_chr3_189470061_f	23	hot	.
L1_chr4_10607036_r	L1	.	.	hot_source	no	chr4	10631062	10631062	-	chr4	10607036	10607036	-	.	L1HS	.	L1_chr4_10607036_r	7	strong	.
L1_chr4_83303275_f	L1	L1HS(L1Ta1d/Ta1d)	Ta	hot_source	yes	chr4	79966908	79972933	+	chr4	83303275	83303275	+	.	L1HS	0.9958	L1_chr4_83303275_f	10	strong	.
L1_chr4_112629287_r	L1	.	.	hot_source	no	chr4	109327168	109327168	-	chr4	112629287	112629287	-	.	L1HS	.	L1_chr4_112629287_r	27	hot	.
L1_chr4_115009819_f	L1	Ta1d	.	hot_source	no	chr4	111707810	111707810	+	chr4	115009819	115015842	+	.	L1HS	.	L1_chr4_115009819_f	6	strong	.
L1_chr4_155134766_r	L1	.	.	hot_source	no	chr4	151811664	151811664	-	chr4	155134766	155134766	-	.	L1HS	.	L1_chr4_155134766_r	17	strong	.
L1_chr5_40037810_f	L1	L1PA2(preTa)	nonTa	hot_source	yes	chr5	39787653	39793671	+	chr5	40037810	40043828	+	yes	L1HS	0.9935	L1_chr5_40037810_f	25	hot	.
L1_chr5_69711070_f	L1	.	.	hot_source	no	chr5	68888611	68888611	+	chr5	69711070	69711070	+	.	L1HS	.	L1_chr5_69711070_f	8	strong	.
L1_chr5_90635419_f	L1	preTa	.	hot_source	no	chr5	90154958	90154958	+	chr5	90635419	90641455	+	.	L1HS	.	L1_chr5_90635419_f	35	hot	.
L1_chr5_110648982_r	L1	Ta1d	.	hot_source	no	chr5	110144562	110144562	-	chr5	110648982	110655048	-	.	L1HS	.	L1_chr5_110648982_r	5	strong	.
L1_chr5_138200238_r	L1	Ta1d	.	hot_source	no	chr5	137679093	137679093	-	chr5	138200238	138206268	-	.	L1HS	.	L1_chr5_138200238_r	9	strong	.
L1_chr6_13064138_f	L1	L1Ta1d/Ta1d	.	hot_source	no	chr6	13190792	13190792	+	chr6	13064138	13064138	+	.	L1HS	.	L1_chr6_13064138_f	291	hot	.
L1_chr6_19636524_f	L1	L1HS(Ta0)	Ta	hot_source	yes	chr6	19764893	19770918	+	chr6	19636524	19642549	+	.	L1HS	0.9944	L1_chr6_19636524_f	10	strong	.
L1_chr6_19664537_f	L1	.	.	hot_source	no	chr6	19792891	19792891	+	chr6	19664537	19664537	+	.	L1HS	.	L1_chr6_19664537_f	9	strong	.
L1_chr6_29816145_u	L1	Unknown	.	hot_source	no	chr6	29952214	29952214	.	chr6	29816145	29816145	.	.	L1HS	.	L1_chr6_29816145_u	5	strong	.
L1_chr6_29816372_f	L1	.	.	hot_source	no	chr6	29952441	29952441	+	chr6	29816372	29816372	+	.	L1HS	.	L1_chr6_29816372_f	275	hot	.
L1_chr6_124720518_r	L1	.	.	hot_source	no	chr6	123532797	123532797	-	chr6	124720518	124720518	-	.	L1HS	.	L1_chr6_124720518_r	5	strong	.
L1_chr6_158789722_r	L1	Ta0	.	hot_source	no	chr6	157547711	157547711	-	chr6	158789722	158789722	-	.	L1HS	.	L1_chr6_158789722_r	10	strong	.
L1_chr7_47987725_f	L1	.	.	hot_source	no	chr7	47825234	47825234	+	chr7	47987725	47987725	+	.	L1HS	.	L1_chr7_47987725_f	72	hot	.
L1_chr7_53746404_r	L1	.	.	hot_source	no	chr7	53584816	53584816	-	chr7	53746404	53746404	-	.	L1HS	.	L1_chr7_53746404_r	19	strong	.
L1_chr7_91950881_r	L1	Ta1d	.	hot_source	no	chr7	90702600	90702600	-	chr7	91950881	91950881	-	.	L1HS	.	L1_chr7_91950881_r	14	strong	.
L1_chr7_117945381_r	L1	.	.	hot_source	no	chr7	116630275	116630275	-	chr7	117945381	117945381	-	.	L1HS	.	L1_chr7_117945381_r	8	strong	.
L1_chr8_10132251_f	L1	.	.	hot_source	no	chr8	9611646	9611646	-	chr8	10132251	10132251	+	.	L1HS	.	L1_chr8_10132251_f	7	strong	.
L1_chr8_56626329_f	L1	.	.	hot_source	no	chr8	56249340	56249340	+	chr8	56626329	56626329	+	.	L1HS	.	L1_chr8_56626329_f	14	strong	.
L1_chr9_108774326_f	L1	.	.	hot_source	no	chr9	96602552	96602552	+	chr9	108774326	108774326	+	.	L1HS	.	L1_chr9_108774326_f	7	strong	.
L1_chr9_120971846_f	L1	.	.	hot_source	no	chr9	108802683	108802683	+	chr9	120971846	120971846	+	.	L1HS	.	L1_chr9_120971846_f	14	strong	.
L1_chr9_124969346_r	L1	L1HS(Ta1d)	Ta	hot_source	yes	chr9	112798108	112804159	-	chr9	124969346	124975396	-	.	L1HS	0.9957	L1_chr9_124969346_r	130	hot	.
