consensus	reference	mode	identity	identity_ungapped	edit_distance	ref_len	consensus_len	consensus_span
L1HS	L1.3 (L19088)	NW	0.9968	0.9977	19	6022	6019	1-6019
L1HS	L1.2 (M80343)	NW	0.9965	0.9975	21	6023	6019	1-6019
L1HS	L1RP (AF148856)	NW	0.9980	0.9983	12	6019	6019	1-6019
L1HS	Dfam L1HS_5end	HW	0.9869	0.9869	28	2136	6019	1-2136
L1HS	Dfam L1HS_3end	HW	0.9966	0.9966	3	889	6019	5131-6019
L1PA2	Dfam L1PA2_3end	HW	1.0000	1.0000	0	889	6139	5251-6139
L1PA3	Dfam L1PA3_3end	HW	0.9989	0.9989	1	895	6154	5260-6154
L1PA2	L1.3 (L19088)	NW	0.9558	0.9775	272	6022	6139	1-6139
ALU_Y	Dfam AluY	NW	0.9964	0.9964	1	311	281	1-281
ALU_YA5	Dfam AluYa5	NW	1.0000	1.0000	0	311	281	1-281
ALU_YB8	Dfam AluYb8	NW	1.0000	1.0000	0	318	288	1-288
SVA_D	Dfam SVA_D	NW	0.7433	0.9993	471	1386	1834	1-1834
SVA_E	Dfam SVA_E	NW	0.6527	0.9882	712	1382	2042	1-2042
SVA_F	Dfam SVA_F	NW	0.7300	0.9933	497	1375	1839	1-1839
