id	subfamily	subfamily_call	ta_status	young	hg38_chrom	hg38_start	hg38_end	strand	hs1_chrom	hs1_start	hs1_end	hs1_strand	hs1_status	length	orf1_nt	orf2_nt	polya_tail	identity_L1_3	identity_L1HS_consensus	l1hs_cons_start	l1hs_cons_end
UID-1	L1HS	L1HS	Ta	yes	chr8	134070757	134076773	-	chr8	135194759	135194759	-	absent_in_hs1	6017	1017	3828	37	0.9950	0.9967	2	6019
UID-2	L1HS	L1HS	Ta	yes	chr8	128453003	128459021	-	chr8	129580595	129580595	-	absent_in_hs1	6019	1017	3828	50	0.9958	0.9970	1	6019
UID-3	L1HS	L1HS	Ta	yes	chr8	72875571	72881591	-	chr8	73310605	73310605	-	absent_in_hs1	6021	1017	3828	34	0.9988	0.9963	1	6019
UID-4	L1PA2	L1PA2	nonTa	yes	chr8	72147456	72153464	-	chr8	72582481	72588493	-	present	6009	1014	3828	10	0.9773	0.9797	3	6019
UID-5	L1PA2	L1PA2	nonTa	yes	chr8	91558661	91564674	+	chr8	92683630	92689644	+	present	6014	1017	3828	13	0.9869	0.9905	6	6019
UID-6	L1PA2	L1PA2	nonTa	yes	chr8	120348976	120354391	+	chr8	121477737	121483152	+	partial_or_absent	5416	1017	3828	0	0.8813	0.9799	601	6019
UID-7	L1HS	L1HS	Ta	yes	chr8	125582877	125588853	+	chr8	126716417	126716417	+	absent_in_hs1	5977	1017	3828	39	0.9892	0.9968	43	6019
UID-8	L1HS	L1HS	Ta	yes	chr11	24327950	24333968	+	chr11	24452403	24458417	+	present	6019	1017	3828	49	0.9952	0.9963	1	6019
UID-9	L1PA2	L1PA2	nonTa	yes	chr11	60532158	60538177	+	chr11	60483613	60489552	+	present	6020	1017	3828	31	0.9875	0.9900	1	6019
UID-10	L1HS	L1HS	Ta	yes	chr11	93136639	93142660	+	chr11	93065471	93065471	+	absent_in_hs1	6022	1017	3828	32	0.9988	0.9963	1	6019
UID-11	L1HS	L1HS	Ta	yes	chr11	93420983	93426994	+	chr11	93343471	93343471	+	absent_in_hs1	6012	1017	3828	42	0.9958	0.9960	9	6019
UID-12	L1HS	L1HS	Ta	yes	chr11	95436217	95442233	+	chr11	95443397	95449413	+	present	6017	1017	3828	29	0.9952	0.9968	2	6019
UID-13	L1HS	L1HS	preTa	yes	chr11	109177509	109183526	-	chr11	109187782	109193795	-	present	6018	1017	3828	0	0.9905	0.9935	1	6018
UID-14	L1HS	L1HS	preTa	yes	chr11	90400081	90406098	-	chr11	90320375	90326390	-	present	6018	1017	3828	2	0.9892	0.9925	2	6019
UID-15	L1HS	L1HS	Ta	yes	chr11	78677786	78683802	-	chr11	78611067	78617071	-	present	6017	1017	3828	14	0.9939	0.9973	3	6019
UID-16	L1PA2	L1PA2	nonTa	yes	chr16	63388078	63394093	+	chr16	69176135	69182150	+	present	6016	1017	3828	13	0.9703	0.9724	5	6019
UID-17	L1HS	L1HS	Ta	yes	chr16	83637253	83643283	+	chr16	89702698	89708713	+	present	6031	1017	3828	29	0.9925	0.9947	3	6019
UID-18	L1HS	L1HS	Ta	yes	chr16	33952591	33958612	-	chr16	35524986	35531007	-	present	6022	1017	3828	31	0.9988	0.9967	1	6019
UID-19	L1PA2	L1PA2	nonTa	yes	chr16	21042688	21048704	-	chr16	20973591	20979607	-	present	6017	1017	3828	2	0.9720	0.9738	1	6019
UID-20	L1HS	L1HS	Ta	yes	chr16	18821267	18827060	-	chr16	18757645	18757645	-	absent_in_hs1	5794	1017	3828	53	0.9562	0.9952	228	6019
UID-21	L1HS	L1HS	Ta	yes	chr16	16840550	16846562	-	chr16	16852679	16852679	-	absent_in_hs1	6013	1017	3828	39	0.9909	0.9952	9	6019
UID-22	L1HS	L1HS	preTa	yes	chr16	9584504	9590522	-	chr16	9618015	9624033	-	present	6019	1017	3828	15	0.9907	0.9939	1	6019
UID-23	L1HS	L1HS	Ta	yes	chr4	169515515	169521532	-	chr4	172875240	172881254	-	present	6018	1017	3828	17	0.9914	0.9945	1	6019
UID-24	L1HS	L1HS	Ta	yes	chr4	136293531	136299546	-	chr4	139616116	139622131	-	present	6016	1017	3828	42	0.9963	0.9978	3	6019
UID-25	L1HS	L1HS	Ta	yes	chr4	93638321	93644339	-	chr4	96959692	96959692	-	absent_in_hs1	6019	1017	3828	0	0.9942	0.9953	1	6019
UID-26	L1HS	L1HS	Ta	yes	chr4	90675740	90681757	-	chr4	94007270	94007270	-	absent_in_hs1	6018	1017	3828	58	0.9945	0.9963	1	6019
UID-27	L1HS	L1HS	Ta	yes	chr4	74717569	74723587	-	chr4	78063687	78063687	-	absent_in_hs1	6019	1017	3828	33	0.9919	0.9950	1	6019
UID-28	L1HS	L1HS	Ta	yes	chr4	21159391	21165408	+	chr4	21140995	21147012	+	present	6018	1017	3828	27	0.9960	0.9975	1	6019
UID-29	L1HS	L1HS	Ta	yes	chr4	59078846	59084864	+	chr4	62528617	62528617	+	absent_in_hs1	6019	1017	3828	19	0.9905	0.9939	2	6019
UID-30	L1HS	L1HS	ambiguous	yes	chr4	78347981	78353997	+	chr4	81689176	81689176	+	absent_in_hs1	6017	1017	3828	0	0.9922	0.9950	2	6018
UID-31	L1HS	L1HS	Ta	yes	chr4	79937716	79943735	+	chr4	83274117	83280128	+	present	6020	1017	3828	22	0.9968	0.9963	3	6019
UID-32	L1HS	L1HS	Ta	yes	chr4	111894802	111900817	+	chr4	115203141	115209152	+	present	6016	1017	3828	23	0.9890	0.9925	3	6018
UID-33	L1HS	L1HS	preTa	yes	chr17	9615986	9622004	+	chr17	9523696	9529714	+	present	6019	1017	3828	11	0.9907	0.9935	1	6019
UID-34	L1HS	L1HS	Ta	yes	chr10	5245353	5251372	+	chr10	5247101	5253119	+	present	6020	1017	3828	19	0.9915	0.9947	1	6019
UID-35	L1HS	L1HS	Ta	yes	chr10	109812438	109818457	-	chr10	110702350	110702350	-	absent_in_hs1	6020	1017	3828	16	0.9922	0.9953	1	6019
UID-36	L1PA2	L1PA2	nonTa	yes	chr10	106844594	106850610	-	chr10	107731550	107737566	-	present	6017	1017	3828	0	0.9804	0.9832	3	6019
UID-37	L1HS	L1HS	preTa	yes	chr10	98782953	98788971	-	chr10	99664576	99670589	-	present	6019	1017	3828	13	0.9899	0.9930	1	6019
UID-38	L1HS	L1HS	Ta	yes	chr10	33510859	33516876	-	chr10	33539683	33545700	-	present	6018	1017	3828	20	0.9909	0.9942	2	6019
UID-39	L1HS	L1HS	preTa	yes	chr10	19088599	19094618	-	chr10	19107615	19113633	-	present	6020	1017	3828	13	0.9885	0.9914	1	6019
UID-40	L1HS	L1HS	Ta	yes	chr2	175481979	175487994	-	chr2	175970677	175976692	-	present	6016	1017	3828	29	0.9932	0.9950	3	6019
UID-41	L1PA2	L1PA2	nonTa	yes	chr2	173699391	173705410	-	chr2	174185692	174191711	-	present	6020	1017	3828	0	0.9837	0.9862	1	6019
UID-42	L1PA2	L1PA2	nonTa	yes	chr2	128858998	128865016	-	chr2	129295079	129301097	-	present	6019	1017	3828	20	0.9826	0.9850	1	6019
UID-43	L1HS	L1HS	preTa	yes	chr2	102566368	102572385	-	chr2	103025339	103031357	-	present	6018	1017	3828	12	0.9915	0.9945	1	6019
UID-44	L1HS	L1HS	preTa	yes	chr2	86655251	86661270	-	chr2	86657244	86663263	-	present	6020	1017	3828	12	0.9902	0.9934	1	6019
UID-45	L1HS	L1HS	Ta	yes	chr2	16593739	16599758	-	chr2	16625439	16631458	-	present	6020	1017	3828	26	0.9927	0.9958	1	6019
UID-46	L1PA2	L1PA2	nonTa	yes	chr2	158351227	158357229	+	chr2	158807975	158813987	+	present	6003	1017	3828	19	0.9683	0.9714	6	6019
UID-47	L1PA2	L1PA2	nonTa	yes	chr2	165485931	165491950	+	chr2	165943221	165949240	+	present	6020	1017	3828	21	0.9821	0.9846	1	6019
UID-48	L1HS	L1HS	preTa	yes	chr2	166988452	166994477	+	chr2	167446408	167452433	+	present	6026	1017	3828	32	0.9907	0.9937	1	6019
UID-49	L1HS	L1HS	Ta	yes	chr2	196905587	196911606	+	chr2	197389288	197395307	+	present	6020	1017	3828	39	0.9937	0.9968	1	6019
UID-50	L1HS	L1HS	Ta	yes	chrX	11707249	11713266	+	chrX	11289796	11295813	+	present	6018	1017	3828	29	0.9955	0.9973	1	6019
UID-51	L1HS	L1HS	preTa	yes	chrX	23238517	23244533	+	chrX	22822070	22828087	+	present	6017	1017	3828	13	0.9880	0.9905	1	6019
UID-52	L1HS	L1HS	Ta	yes	chrX	142477845	142483856	+	chrX	140786523	140792537	+	present	6012	1014	3828	12	0.9895	0.9924	1	6019
UID-53	L1HS	L1HS	Ta	yes	chrX	155516030	155522048	-	chrX	153754293	153760311	-	present	6019	1017	3828	24	0.9912	0.9944	1	6019
UID-54	L1HS	L1HS	Ta	yes	chrX	141421229	141427246	-	chrX	139735880	139735880	-	absent_in_hs1	6018	1017	3828	26	0.9957	0.9972	1	6019
UID-55	L1HS	L1HS	Ta	yes	chrX	96057825	96063845	-	chrX	94503192	94503192	-	absent_in_hs1	6021	1017	3828	53	0.9907	0.9934	1	6019
UID-56	L1HS	L1HS	preTa	yes	chrX	83059619	83065637	-	chrX	81493046	81499063	-	present	6019	1017	3828	36	0.9882	0.9912	1	6019
UID-57	L1HS	L1HS	Ta	yes	chrX	64013268	64019287	-	chrX	62438550	62444569	-	present	6020	1017	3828	12	0.9876	0.9904	1	6019
UID-58	L1HS	L1HS	Ta	yes	chrX	54118727	54124746	-	chrX	53408618	53414637	-	present	6020	1017	3828	0	0.9930	0.9958	1	6019
UID-59	L1PA2	L1PA2	nonTa	yes	chrX	47783684	47789700	-	chrX	47193588	47199604	-	present	6017	1017	3825	2	0.9763	0.9784	1	6019
UID-60	L1PA2	L1PA2	nonTa	yes	chrX	36465205	36471217	-	chrX	36060975	36066997	-	present	6013	1017	3819	0	0.9711	0.9728	1	6019
UID-61	L1PA2	L1PA2	nonTa	yes	chrX	34248290	34253913	-	chrX	33846708	33852727	-	present	5624	1017	3432	1	0.9170	0.9193	1	6019
UID-62	L1HS	L1HS	Ta	yes	chrX	11935297	11941315	-	chrX	11517855	11523873	-	present	6019	1017	3828	31	0.9950	0.9968	1	6019
UID-63	L1HS	L1HS	Ta	yes	chr12	126299024	126305040	-	chr12	126307794	126313810	-	present	6017	1017	3828	31	0.9957	0.9973	2	6019
UID-64	L1HS	L1HS	preTa	yes	chr12	54788572	54794589	+	chr12	54755226	54761240	+	present	6018	1017	3828	0	0.9887	0.9917	2	6019
UID-65	L1PA2	L1PA2	nonTa	yes	chr12	57646478	57652486	+	chr12	57614692	57620711	+	present	6009	1017	3828	2	0.9738	0.9756	1	6019
UID-66	L1PA2	L1PA2	ambiguous	yes	chr12	64195587	64201605	+	chr12	64174381	64180399	+	present	6019	1017	3828	33	0.9778	0.9799	1	6019
UID-67	L1PA2	L1PA2	nonTa	yes	chr12	92313999	92320010	+	chr12	92291491	92297502	+	present	6012	1017	3828	0	0.9880	0.9920	8	6019
UID-68	L1HS	L1HS	Ta	yes	chr7	141920695	141926712	-	chr7	143236472	143242489	-	present	6018	1017	3828	37	0.9954	0.9968	1	6019
UID-69	L1HS	L1HS	Ta	yes	chr7	113776136	113782152	-	chr7	115096832	115096832	-	absent_in_hs1	6017	1017	3828	19	0.9950	0.9962	1	6019
UID-70	L1HS	L1HS	Ta	yes	chr7	111243529	111249546	-	chr7	112561893	112567910	-	present	6018	1017	3828	18	0.9950	0.9962	1	6019
UID-71	L1HS	L1HS	preTa	yes	chr7	110707018	110713029	-	chr7	112025347	112031358	-	present	6012	1017	3828	26	0.9899	0.9933	9	6019
UID-72	L1HS	L1HS	preTa	yes	chr7	93787661	93793679	-	chr7	95030313	95030313	-	absent_in_hs1	6019	1017	3828	36	0.9897	0.9929	1	6019
UID-73	L1HS	L1HS	preTa	yes	chr7	63148844	63154859	-	chr7	64347670	64353606	-	present	6016	1017	3825	14	0.9904	0.9929	1	6019
UID-74	L1HS	L1HS	Ta	yes	chr7	49680282	49686302	-	chr7	49841313	49847333	-	present	6021	1017	3828	36	0.9947	0.9962	1	6019
UID-75	L1HS	L1HS	Ta	yes	chr7	30439242	30445261	+	chr7	30576940	30582959	+	present	6020	1017	3828	14	0.9944	0.9975	1	6019
UID-76	L1PA2	L1PA2	nonTa	yes	chr5	39787649	39793669	+	chr5	40037806	40043826	+	present	6021	1017	3828	2	0.9907	0.9934	1	6019
UID-77	L1HS	L1HS	Ta	yes	chr5	58384175	58390193	+	chr5	59202566	59208584	+	present	6019	1017	3828	34	0.9917	0.9949	1	6019
UID-78	L1HS	L1HS	preTa	yes	chr5	102131357	102137375	+	chr5	102639456	102645473	+	present	6019	1017	3828	29	0.9902	0.9932	1	6019
UID-79	L1HS	L1HS	Ta	yes	chr5	104518588	104524604	+	chr5	105027501	105027501	+	absent_in_hs1	6017	1017	3828	18	0.9957	0.9973	2	6019
UID-80	L1HS	L1HS	Ta	yes	chr5	109259387	109265405	+	chr5	109762848	109768866	+	present	6019	1017	3828	27	0.9957	0.9972	1	6019
UID-81	L1HS	L1HS	preTa	yes	chr5	111302231	111308250	+	chr5	111812854	111818873	+	present	6020	1017	3828	12	0.9900	0.9929	1	6019
UID-82	L1HS	L1HS	preTa	yes	chr5	146609480	146615502	+	chr5	147145376	147151399	+	present	6023	1017	3828	11	0.9909	0.9940	1	6019
UID-83	L1HS	L1HS	Ta	yes	chr5	177772246	177778261	+	chr5	178315726	178321741	+	present	6016	1017	3825	31	0.9932	0.9963	1	6019
UID-84	L1HS	L1HS	Ta	yes	chr5	173402810	173408829	-	chr5	173942895	173948914	-	present	6020	1017	3828	26	0.9934	0.9965	1	6019
UID-85	L1HS	L1HS	Ta	yes	chr5	152886468	152892473	-	chr5	153419656	153425661	-	present	6006	1017	3828	36	0.9902	0.9934	1	6019
UID-86	L1PA2	L1PA2	nonTa	yes	chr5	139005465	139011486	-	chr5	139531594	139537615	-	present	6022	1017	3834	10	0.9781	0.9809	4	6019
UID-87	L1HS	L1HS	preTa	yes	chr5	79778926	79784939	-	chr5	80262845	80268858	-	present	6014	1017	3828	12	0.9920	0.9955	5	6019
UID-88	L1HS	L1HS	Ta	yes	chr3	3963077	3969097	+	chr3	3959050	3965067	+	present	6021	1017	3831	31	0.9900	0.9927	3	6019
UID-89	L1PA2	L1PA2	nonTa	yes	chr3	65509293	65515308	+	chr3	65552987	65558988	+	present	6016	1017	3828	8	0.9769	0.9797	2	6018
UID-90	L1HS	L1HS	Ta	yes	chr3	109199873	109205890	+	chr3	111920153	111926170	+	present	6018	1017	3828	17	0.9957	0.9968	1	6019
UID-91	L1HS	L1HS	Ta	yes	chr3	130628808	130634052	+	chr3	133372628	133377872	+	partial_or_absent	5245	1017	3828	24	0.8677	0.9966	776	6019
UID-92	L1HS	L1HS	Ta	yes	chr3	159095377	159101394	-	chr3	161869178	161875195	-	present	6018	1017	3828	13	0.9940	0.9952	1	6019
UID-93	L1PA2	L1PA2	nonTa	yes	chr3	141757162	141763153	-	chr3	144504373	144510364	-	present	5992	1017	3786	40	0.9727	0.9748	1	6019
UID-94	L1HS	L1HS	preTa	yes	chr3	136479090	136485104	-	chr3	139219781	139225798	-	present	6015	1017	3825	11	0.9882	0.9907	1	6019
UID-95	L1HS	L1HS	Ta	yes	chr3	103556551	103562569	-	chr3	106273386	106279404	-	present	6019	1017	3828	32	0.9920	0.9952	1	6019
UID-96	L1PA2	L1PA2	nonTa	yes	chr3	81051407	81057418	-	chr3	81104965	81110976	-	present	6012	1017	3828	2	0.9880	0.9920	9	6019
UID-97	L1HS	L1HS	preTa	yes	chr3	77763691	77769678	-	chr3	77818525	77824512	-	present	5988	1017	3828	30	0.9861	0.9892	1	6019
UID-98	L1HS	L1HS	preTa	yes	chr1	237019478	237025496	-	chr1	236430485	236436503	-	present	6019	1017	3828	12	0.9920	0.9950	2	6019
UID-99	L1HS	L1HS	preTa	yes	chr1	209913806	209919824	-	chr1	209152664	209158680	-	present	6019	1017	3828	12	0.9899	0.9930	1	6019
UID-100	L1HS	L1HS	Ta	yes	chr1	187343778	187349794	-	chr1	186698305	186704322	-	present	6017	1017	3828	2	0.9910	0.9940	2	6019
UID-101	L1HS	L1HS	preTa	yes	chr1	180866825	180872843	-	chr1	180222021	180228039	-	present	6019	1017	3909	31	0.9915	0.9947	1	6019
UID-102	L1HS	L1HS	preTa	yes	chr1	174590363	174596380	-	chr1	173948326	173954345	-	present	6018	1017	3828	39	0.9907	0.9939	1	6019
UID-103	L1PA2	L1PA2	nonTa	yes	chr1	174377798	174383817	-	chr1	173735766	173741785	-	present	6020	1017	3828	9	0.9796	0.9821	1	6019
UID-104	L1HS	L1HS	Ta	yes	chr1	86679094	86685113	-	chr1	86519130	86525145	-	present	6020	1017	3828	2	0.9912	0.9944	1	6019
UID-105	L1HS	L1HS	Ta	yes	chr1	84052390	84058406	-	chr1	83892828	83898844	-	present	6017	1017	3828	32	0.9949	0.9965	2	6019
UID-106	L1HS	L1HS	preTa	yes	chr1	80939248	80945263	-	chr1	80776802	80782817	-	present	6016	1017	3828	0	0.9910	0.9940	3	6018
UID-107	L1HS	L1HS	preTa	yes	chr1	71513733	71519729	+	chr1	71391471	71397468	+	present	5997	1017	3828	36	0.9864	0.9925	20	6019
UID-108	L1PA2	L1PA2	nonTa	yes	chr1	71888204	71894222	+	chr1	71766337	71772355	+	present	6019	1017	3828	2	0.9909	0.9937	1	6019
UID-109	L1HS	L1HS	Ta	yes	chr1	113497217	113503218	+	chr1	113508922	113514923	+	present	6002	1017	3828	0	0.9894	0.9948	19	6019
UID-110	L1HS	L1HS	preTa	yes	chr1	118852352	118858369	+	chr1	118865558	118871575	+	present	6018	1017	3828	11	0.9905	0.9939	2	6019
UID-111	L1HS	L1HS	preTa	yes	chr1	187597672	187603686	+	chr1	186950537	186956551	+	present	6015	1017	3828	14	0.9889	0.9922	4	6019
UID-112	L1HS	L1HS	Ta	yes	chr1	247687174	247693191	+	chr1	247124046	247124046	+	absent_in_hs1	6018	1017	3828	33	0.9914	0.9947	2	6019
UID-113	L1PA2	L1PA2	nonTa	yes	chr6	44870635	44876653	+	chr6	44705501	44711519	+	present	6019	1017	3828	0	0.9869	0.9897	1	6019
UID-114	L1PA2	L1PA2	nonTa	yes	chr6	104489392	104495411	+	chr6	105665891	105671910	+	present	6020	1017	3828	23	0.9831	0.9856	1	6019
UID-115	L1HS	L1HS	preTa	yes	chr6	117102131	117108150	+	chr6	118285947	118291966	+	present	6020	1017	3828	13	0.9897	0.9929	1	6019
UID-116	L1HS	L1HS	Ta	yes	chr6	128998386	129004403	+	chr6	130191578	130197596	+	present	6018	1017	3828	2	0.9947	0.9965	1	6019
UID-117	L1PA2	L1PA2	nonTa	yes	chr6	156361252	156367263	+	chr6	157563429	157569440	+	present	6012	1017	3828	0	0.9784	0.9811	1	6019
UID-118	L1HS	L1HS	Ta	yes	chr6	133020730	133026746	-	chr6	134215663	134215663	-	absent_in_hs1	6017	1017	3828	45	0.9949	0.9960	1	6019
UID-119	L1HS	L1HS	Ta	yes	chr6	72988668	72994687	-	chr6	74165268	74171287	-	present	6020	1017	3828	26	0.9924	0.9955	1	6019
UID-120	L1HS	L1HS	Ta	yes	chr6	24811692	24817706	-	chr6	24682780	24682780	-	absent_in_hs1	6015	1017	3825	0	0.9937	0.9970	2	6019
UID-121	L1HS	L1HS	Ta	yes	chr6	2417785	2423803	-	chr6	2283056	2289074	-	present	6019	1017	3828	22	0.9930	0.9962	1	6019
UID-122	L1HS	L1HS	Ta	yes	chr9	28111922	28117865	-	chr9	28122533	28128475	-	present	5944	1014	3828	10	0.9774	0.9919	73	6019
UID-123	L1PA2	L1PA2	nonTa	yes	chr9	19536214	19542233	-	chr9	19548895	19554914	-	present	6020	1017	3828	13	0.9847	0.9875	1	6019
UID-124	L1HS	L1HS	Ta	yes	chr9	90149605	90155622	+	chr9	102314711	102320728	+	present	6018	1017	3828	12	0.9925	0.9958	2	6019
UID-125	L1HS	L1HS	Ta	yes	chr9	95697579	95703591	+	chr9	107868273	107874285	+	present	6013	1017	3828	23	0.9927	0.9958	1	6019
UID-126	L1HS	L1HS	Ta	yes	chr13	29641720	29647708	-	chr13	28864317	28870305	-	present	5989	1017	3828	27	0.9912	0.9970	31	6019
UID-127	L1PA2	L1PA2	nonTa	yes	chr13	40356288	40362308	+	chr13	39575387	39581407	+	present	6021	1017	3828	0	0.9730	0.9744	1	6019
UID-128	L1PA2	L1PA2	nonTa	yes	chr13	42424881	42430899	+	chr13	41644756	41650774	+	present	6019	1017	3828	25	0.9778	0.9802	1	6019
UID-129	L1HS	L1HS	Ta	yes	chr15	54926082	54932101	-	chr15	52735754	52735754	-	absent_in_hs1	6020	1017	3828	59	0.9927	0.9958	1	6019
UID-130	L1HS	L1HS	Ta	yes	chr15	70729745	70735147	+	chr15	68552662	68558064	+	partial_or_absent	5403	1017	3828	27	0.8941	0.9974	615	6019
UID-131	L1PA2	L1PA2	nonTa	yes	chr15	71174135	71180142	+	chr15	68997416	69003423	+	present	6008	1017	3828	12	0.9872	0.9900	1	6019
UID-132	L1HS	L1HS	Ta	yes	chr15	87509888	87515907	+	chr15	85264449	85270468	+	present	6020	1017	3828	19	0.9909	0.9940	1	6019
UID-133	L1PA2	L1PA2	nonTa	yes	chr15	93675400	93681418	+	chr15	91437231	91443249	+	present	6019	1017	3828	2	0.9803	0.9827	1	6019
UID-134	L1HS	L1HS	Ta	yes	chr22	48985775	48991792	-	chr22	49488454	49494468	-	present	6018	1017	3828	18	0.9929	0.9960	1	6019
UID-135	L1HS	L1HS	Ta	yes	chr22	28663284	28669302	+	chr22	29124725	29130743	+	present	6019	1017	3828	23	0.9937	0.9968	1	6019
UID-136	L1HS	L1HS	Ta	yes	chr20	12801029	12807044	-	chr20	12844435	12850450	-	present	6016	1017	3828	11	0.9917	0.9950	4	6019
UID-137	L1HS	L1HS	Ta	yes	chr20	7116195	7122199	-	chr20	7157661	7163665	-	present	6005	1017	3828	22	0.9887	0.9920	2	6019
UID-138	L1HS	L1HS	Ta	yes	chr14	70547291	70553309	+	chr14	64753312	64759330	+	present	6019	1017	3828	26	0.9927	0.9957	2	6019
UID-139	L1HS	L1HS	Ta	yes	chr14	63116720	63122737	-	chr14	57324347	57330364	-	present	6018	1017	3828	0	0.9922	0.9953	1	6019
UID-140	L1PA2	L1PA2	nonTa	yes	chr14	26629281	26635299	-	chr14	20827183	20833201	-	present	6019	1017	3828	12	0.9783	0.9804	1	6019
UID-141	L1HS	L1HS	preTa	yes	chr18	37819738	37825756	+	chr18	38013875	38019891	+	present	6019	1017	3828	12	0.9912	0.9942	1	6019
UID-142	L1HS	L1HS	Ta	yes	chr18	70746563	70752581	-	chr18	70968325	70974343	-	present	6019	1017	3828	19	0.9927	0.9958	1	6019
UID-143	L1PA2	L1PA2	nonTa	yes	chr18	59403953	59409970	-	chr18	59605391	59611409	-	present	6018	1017	3828	0	0.9890	0.9917	2	6019
UID-144	L1HS	L1HS	preTa	yes	chr18	50343971	50349987	-	chr18	50545704	50551720	-	present	6017	1017	3828	11	0.9899	0.9934	3	6019
UID-145	L1PA2	L1PA2	nonTa	yes	chr18	24619056	24625074	-	chr18	24813395	24819413	-	present	6019	1017	3828	32	0.9811	0.9834	1	6019
UID-146	L1HS	L1HS	Ta	yes	chrY	5606182	5612199	-	chrY	5286198	5292215	-	present	6018	1017	3828	23	0.9919	0.9950	1	6019
