file	records	bytes	md5
active.tsv	178	26092	daa931bc7f6f436098e726f9fc8eef45
alu_y_intact.fa	1802	689637	ae43d5fdcddda8d6ab711d283eae909a
alu_y_intact.tsv	1802	175545	bed2b52be33c994a09870ba79aac0ea7
consensus.fa	9	26025	504308d94697646b128f0539a8b9d198
consensus_crosscheck.tsv	14	886	1520c1d9fca716a72025ad63ba49561a
consensus_landmarks.tsv	54	4099	a8417e40a7fa0d0c5c9df62242db81bd
dfam_young.fa	29	23127	b30ffccc8fe5a810ddf36fa9b8fd6e83
flanks_3p.fa.gz	881	3509324	532a11754ba487e56dfc4030a6356844
flanks_3p.fa.gz.fai	.	35282	dbb1583128231e6288ed63ef24bdd5ef
flanks_3p.fa.gz.gzi	.	2664	642cac8f05d4f599701292b03c3db1ab
flanks_5p_sva.fa.gz	257	427950	7440968b1cda26d4ced536db6d3d7ff7
flanks_5p_sva.fa.gz.fai	.	10112	d95591f6f2d341957af0d1f19eacfdcc
flanks_5p_sva.fa.gz.gzi	.	328	e8b3cd633702dcd40c77b3934370d719
l1_intact.fa	146	898625	d4afaa4d8b6cdcb5a5e6dc885509f074
l1_intact.tsv	146	18663	4acc6f2b9cbb9d2789dc476077be139a
sva_intact.fa	360	658779	28e95f22c0dfa561be4bb98b2ed76e5b
sva_intact.tsv	360	36158	54aaf1085344476ca08f3778ae720cb1
transduction_sources.tsv	859	253631	e027b560e661625f820fcac377206b37
transduction_stats.tsv	6	534	63736e56ee9b2b3074187d07acf3348f
