id	subfamily	hg38_chrom	hg38_start	hg38_end	strand	hs1_chrom	hs1_start	hs1_end	hs1_strand	length	cons_begin	cons_end	cons_len	milli_div	n_rmsk_fragments
SVA_A_chr15_68221211	SVA_A	chr15	68221211	68223141	+	chr15	66039940	66041870	+	1931	8	1386	1387	45	1
SVA_A_chr7_92026338	SVA_A	chr7	92026338	92028308	+	chr7	93267620	93269590	+	1971	38	1387	1387	45	1
SVA_A_chr11_113523635	SVA_A	chr11	113523635	113524816	+	chr11	113534052	113535185	+	1182	1	1387	1387	48	1
SVA_A_chr5_71793324	SVA_A	chr5	71793324	71795258	-	chr5	72274618	72276553	-	1935	60	1374	1387	48	1
SVA_A_chrX_27457866	SVA_A	chrX	27457866	27459560	+	chrX	27048031	27049887	+	1695	48	1387	1387	48	1
SVA_A_chrX_70348353	SVA_A	chrX	70348353	70350539	-	chrX	68781699	68784001	-	2187	3	1387	1387	48	1
SVA_A_chr1_33308781	SVA_A	chr1	33308781	33310358	-	chr1	33170386	33171963	-	1578	1	1374	1387	51	1
SVA_A_chr11_72909040	SVA_A	chr11	72909040	72910840	+	chr11	72837230	72839030	+	1801	30	1387	1387	52	1
SVA_A_chr21_43896970	SVA_A	chr21	43896970	43898155	-	chr21	42252593	42253778	-	1186	19	1374	1387	52	1
SVA_A_chr10_32505209	SVA_A	chr10	32505209	32506876	-	chr10	32533863	32535536	-	1668	24	1364	1387	53	1
SVA_A_chr2_86544344	SVA_A	chr2	86544344	86546400	-	chr2	86546358	86548414	-	2057	13	1387	1387	53	1
SVA_A_chr2_11759208	SVA_A	chr2	11759208	11760727	-	chr2	11792350	11793869	-	1520	3	1361	1387	54	1
SVA_A_chr4_109677830	SVA_A	chr4	109677830	109679647	-	chr4	112979766	112981583	-	1818	20	1374	1387	55	1
SVA_A_chr7_33303519	SVA_A	chr7	33303519	33305150	+	chr7	33443431	33445062	+	1632	35	1387	1387	55	1
SVA_A_chr7_155096290	SVA_A	chr7	155096290	155097451	-	chr7	156272383	156273618	-	1162	1	1386	1387	55	1
SVA_A_chr9_100392185	SVA_A	chr9	100392185	100393882	+	chr9	112563853	112565550	+	1698	1	1387	1387	55	1
SVA_A_chr12_45999607	SVA_A	chr12	45999607	46001131	+	chr12	45959152	45960676	+	1525	1	1387	1387	56	2
SVA_A_chr20_5452297	SVA_A	chr20	5452297	5454164	+	chr20	5493198	5495065	+	1868	28	1377	1387	56	1
SVA_A_chr4_106320775	SVA_A	chr4	106320775	106322302	+	chr4	109631847	109633374	+	1528	57	1387	1387	56	1
SVA_A_chr5_43510427	SVA_A	chr5	43510427	43512039	+	chr5	43763234	43764845	+	1613	15	1387	1387	57	1
SVA_A_chr5_176983225	SVA_A	chr5	176983225	176985106	+	chr5	177526400	177528277	+	1882	11	1385	1387	57	1
SVA_A_chr6_87238690	SVA_A	chr6	87238690	87240393	-	chr6	88447492	88449192	-	1704	5	1384	1387	58	1
SVA_A_chr8_47137487	SVA_A	chr8	47137487	47138690	+	chr8	47513251	47514454	+	1204	15	1387	1387	58	1
SVA_A_chr8_117426170	SVA_A	chr8	117426170	117428074	+	chr8	118554278	118556182	+	1905	23	1384	1387	58	1
SVA_A_chrX_126673210	SVA_A	chrX	126673210	126674939	+	chrX	124985951	124987680	+	1730	14	1387	1387	58	1
SVA_A_chr1_114241851	SVA_A	chr1	114241851	114243742	+	chr1	114253519	114255416	+	1892	22	1387	1387	59	1
SVA_A_chr12_57664489	SVA_A	chr12	57664489	57666343	+	chr12	57632684	57634693	+	1855	51	1387	1387	59	1
SVA_A_chr3_94043607	SVA_A	chr3	94043607	94045460	+	chr3	96742056	96743910	+	1854	1	1387	1387	59	1
SVA_A_chr4_41490281	SVA_A	chr4	41490281	41492463	-	chr4	41464042	41466224	-	2183	2	1387	1387	59	1
SVA_A_chr13_97774443	SVA_A	chr13	97774443	97775510	+	chr13	96980875	96981942	+	1068	9	1385	1387	60	1
SVA_A_chr17_58073268	SVA_A	chr17	58073268	58075250	-	chr17	58947270	58949251	-	1983	37	1387	1387	60	2
SVA_A_chr2_86548188	SVA_A	chr2	86548188	86550427	-	chr2	86550202	86552441	-	2240	2	1387	1387	60	1
SVA_A_chr9_97129738	SVA_A	chr9	97129738	97131289	-	chr9	109301509	109303059	-	1552	48	1387	1387	60	1
SVA_A_chr9_120304386	SVA_A	chr9	120304386	120305812	+	chr9	132498596	132500040	+	1427	58	1387	1387	60	1
SVA_A_chr1_227275584	SVA_A	chr1	227275584	227277091	+	chr1	226463936	226465443	+	1508	8	1387	1387	61	1
SVA_A_chr17_49418788	SVA_A	chr17	49418788	49420485	-	chr17	50281818	50283513	-	1698	4	1385	1387	61	2
SVA_A_chr3_101550905	SVA_A	chr3	101550905	101552496	+	chr3	104257130	104258723	+	1592	51	1387	1387	61	1
SVA_A_chr9_104234246	SVA_A	chr9	104234246	104236110	-	chr9	116408563	116410427	-	1865	3	1374	1387	61	1
SVA_A_chrX_17244279	SVA_A	chrX	17244279	17245797	-	chrX	16826872	16828391	-	1519	53	1387	1387	61	1
SVA_A_chr1_153582339	SVA_A	chr1	153582339	153583909	+	chr1	152719599	152721169	+	1571	53	1385	1387	62	1
SVA_A_chr10_97841021	SVA_A	chr10	97841021	97842457	+	chr10	98721138	98722574	+	1437	35	1385	1387	62	1
SVA_A_chr14_35823972	SVA_A	chr14	35823972	35825632	-	chr14	30011707	30013367	-	1661	1	1369	1387	62	1
SVA_A_chr14_64182409	SVA_A	chr14	64182409	64183967	-	chr14	58390124	58391682	-	1559	5	1367	1387	62	1
SVA_A_chr19_23289368	SVA_A	chr19	23289368	23290813	-	chr19	23424167	23425612	-	1446	42	1387	1387	62	1
SVA_A_chr7_26175860	SVA_A	chr7	26175860	26177628	-	chr7	26311425	26313306	-	1769	21	1387	1387	62	1
SVA_A_chr7_129215717	SVA_A	chr7	129215717	129217278	+	chr7	130528640	130530201	+	1562	12	1387	1387	62	1
SVA_A_chr7_129662776	SVA_A	chr7	129662776	129664186	-	chr7	130975886	130977296	-	1411	1	1375	1387	62	1
SVA_A_chr9_98463604	SVA_A	chr9	98463604	98465134	+	chr9	110635505	110637036	+	1531	2	1387	1387	62	1
SVA_A_chrX_54572012	SVA_A	chrX	54572012	54573505	-	chrX	53862872	53864365	-	1494	48	1384	1387	62	1
SVA_A_chr1_99507564	SVA_A	chr1	99507564	99509465	+	chr1	99355934	99357725	+	1902	13	1387	1387	63	1
SVA_A_chr10_43242496	SVA_A	chr10	43242496	43244402	+	chr10	44121403	44123309	+	1907	1	1387	1387	63	1
SVA_A_chr10_43328804	SVA_A	chr10	43328804	43330634	+	chr10	44207727	44209554	+	1831	30	1387	1387	63	1
SVA_A_chr10_58243370	SVA_A	chr10	58243370	58245058	+	chr10	59097478	59099164	+	1689	34	1387	1387	63	1
SVA_A_chr15_74728293	SVA_A	chr15	74728293	74729832	+	chr15	72598181	72599721	+	1540	50	1387	1387	63	1
SVA_A_chr17_28658257	SVA_A	chr17	28658257	28660271	-	chr17	29600984	29603035	-	2015	23	1387	1387	63	1
SVA_A_chr19_20175333	SVA_A	chr19	20175333	20176814	-	chr19	20312833	20314314	-	1482	57	1387	1387	63	1
SVA_A_chr5_133857174	SVA_A	chr5	133857174	133858883	-	chr5	134380742	134382519	-	1710	3	1387	1387	63	1
SVA_A_chr5_151713405	SVA_A	chr5	151713405	151714885	-	chr5	152252391	152253871	-	1481	7	1387	1387	63	1
SVA_A_chr1_176057345	SVA_A	chr1	176057345	176058772	+	chr1	175412668	175414099	+	1428	34	1387	1387	64	1
SVA_A_chr11_131083661	SVA_A	chr11	131083661	131085142	-	chr11	131119463	131120944	-	1482	50	1369	1387	64	1
SVA_B_chr9_118677342	SVA_B	chr9	118677342	118679099	-	chr9	130871193	130872942	-	1758	1	1383	1383	32	1
SVA_B_chr11_57943192	SVA_B	chr11	57943192	57944632	-	chr11	57893556	57894878	-	1441	60	1383	1383	33	1
SVA_B_chr12_69852587	SVA_B	chr12	69852587	69854334	-	chr12	69831716	69833464	-	1748	57	1383	1383	34	1
SVA_B_chr6_27652930	SVA_B	chr6	27652930	27654404	+	chr6	27522581	27524055	+	1475	55	1382	1383	34	1
SVA_B_chr1_32803739	SVA_B	chr1	32803739	32805221	-	chr1	32663534	32665016	-	1483	53	1382	1383	35	1
SVA_B_chr11_33243048	SVA_B	chr11	33243048	33244593	+	chr11	33378513	33380058	+	1546	1	1382	1383	35	1
SVA_B_chr17_1215246	SVA_B	chr17	1215246	1216191	+	chr17	1104339	1105284	+	946	31	1383	1383	35	1
SVA_B_chr21_43821751	SVA_B	chr21	43821751	43823046	+	chr21	42177308	42178603	+	1296	53	1383	1383	35	1
SVA_B_chr7_142574873	SVA_B	chr7	142574873	142576144	+	chr7	143931742	143933031	+	1272	3	1380	1383	36	2
SVA_B_chrX_72559074	SVA_B	chrX	72559074	72560578	+	chrX	70991993	70993497	+	1505	26	1383	1383	36	1
SVA_B_chr1_224349234	SVA_B	chr1	224349234	224350709	-	chr1	223538121	223539572	-	1476	1	1370	1383	37	1
SVA_B_chr1_225615014	SVA_B	chr1	225615014	225616343	+	chr1	224802982	224804311	+	1330	2	1383	1383	37	1
SVA_B_chr15_50172137	SVA_B	chr15	50172137	50173720	+	chr15	47980358	47981941	+	1584	20	1383	1383	37	1
SVA_B_chr17_19950299	SVA_B	chr17	19950299	19951909	+	chr17	19898959	19900616	+	1611	19	1382	1383	37	1
SVA_B_chr4_48185818	SVA_B	chr4	48185818	48187447	+	chr4	48152734	48154363	+	1630	1	1383	1383	37	1
SVA_B_chr8_86389157	SVA_B	chr8	86389157	86390736	-	chr8	87509443	87511022	-	1580	3	1383	1383	37	1
SVA_B_chr1_182010182	SVA_B	chr1	182010182	182011758	+	chr1	181365574	181367150	+	1577	3	1383	1383	38	1
SVA_B_chr1_212724207	SVA_B	chr1	212724207	212725775	+	chr1	211969168	211970736	+	1569	1	1383	1383	38	1
SVA_B_chr1_231453534	SVA_B	chr1	231453534	231455013	+	chr1	230836750	230838237	+	1480	7	1383	1383	38	1
SVA_B_chr10_75749629	SVA_B	chr10	75749629	75751367	-	chr10	76623731	76625469	-	1739	1	1383	1383	38	1
SVA_B_chr11_118990993	SVA_B	chr11	118990993	118992558	-	chr11	119011353	119012911	-	1566	15	1383	1383	38	1
SVA_B_chr14_76897443	SVA_B	chr14	76897443	76898928	-	chr14	71107163	71108648	-	1486	1	1383	1383	38	1
SVA_B_chr15_43004345	SVA_B	chr15	43004345	43006104	+	chr15	40811465	40813270	+	1760	1	1383	1383	38	1
SVA_B_chr18_7203197	SVA_B	chr18	7203197	7204274	-	chr18	7366311	7367388	-	1078	3	1381	1383	38	1
SVA_B_chr7_27986631	SVA_B	chr7	27986631	27988204	+	chr7	28124369	28125942	+	1574	1	1383	1383	38	1
SVA_B_chr9_27342426	SVA_B	chr9	27342426	27343491	+	chr9	27353020	27354085	+	1066	1	1383	1383	38	1
SVA_B_chr7_2161104	SVA_B	chr7	2161104	2162602	+	chr7	2274621	2276208	+	1499	24	1381	1383	39	1
SVA_B_chrX_155223200	SVA_B	chrX	155223200	155224623	-	chrX	153459503	153460926	-	1424	24	1383	1383	39	1
SVA_B_chr1_50952085	SVA_B	chr1	50952085	50953407	+	chr1	50831967	50833289	+	1323	11	1381	1383	40	1
SVA_B_chr10_32232902	SVA_B	chr10	32232902	32234313	-	chr10	32261982	32263393	-	1412	6	1383	1383	40	1
SVA_B_chr10_86454355	SVA_B	chr10	86454355	86455696	+	chr10	87334873	87336214	+	1342	2	1383	1383	40	1
SVA_B_chr12_42349404	SVA_B	chr12	42349404	42351015	-	chr12	42307344	42308955	-	1612	1	1383	1383	40	1
SVA_B_chr13_109310878	SVA_B	chr13	109310878	109312399	+	chr13	108538304	108539861	+	1522	11	1383	1383	40	1
SVA_B_chr17_8373141	SVA_B	chr17	8373141	8374641	+	chr17	8279370	8280864	+	1501	1	1383	1383	40	1
SVA_B_chr2_160448307	SVA_B	chr2	160448307	160449838	+	chr2	160905817	160907348	+	1532	42	1379	1383	40	1
SVA_B_chr8_54084968	SVA_B	chr8	54084968	54086444	+	chr8	54462064	54463538	+	1477	1	1383	1383	40	1
SVA_B_chr11_98769599	SVA_B	chr11	98769599	98770811	-	chr11	98775790	98777211	-	1213	2	1376	1383	41	1
SVA_B_chr14_19865712	SVA_B	chr14	19865712	19867282	+	chr14	14065166	14066736	+	1571	29	1377	1383	41	1
SVA_B_chr14_23736306	SVA_B	chr14	23736306	23737562	+	chr14	17936655	17937912	+	1257	3	1383	1383	41	1
SVA_B_chr14_81461891	SVA_B	chr14	81461891	81463203	-	chr14	75677358	75678670	-	1313	2	1383	1383	41	1
SVA_B_chr2_169855350	SVA_B	chr2	169855350	169856825	-	chr2	170332847	170334322	-	1476	53	1383	1383	41	1
SVA_B_chr22_38409401	SVA_B	chr22	38409401	38410725	-	chr22	38873668	38874992	-	1325	28	1381	1383	41	1
SVA_B_chr7_32753149	SVA_B	chr7	32753149	32754796	+	chr7	32892743	32894390	+	1648	1	1383	1383	41	1
SVA_B_chrX_51118584	SVA_B	chrX	51118584	51120517	-	chrX	50389883	50391810	-	1934	3	1383	1383	41	1
SVA_B_chrX_70122448	SVA_B	chrX	70122448	70123902	+	chrX	68555800	68557254	+	1455	35	1383	1383	41	1
SVA_B_chr1_203841158	SVA_B	chr1	203841158	203842622	-	chr1	203105112	203106576	-	1465	34	1381	1383	42	1
SVA_B_chr13_35966476	SVA_B	chr13	35966476	35967846	+	chr13	35186008	35187378	+	1371	1	1383	1383	42	1
SVA_B_chr13_112677925	SVA_B	chr13	112677925	112679093	-	chr13	111925969	111927137	-	1169	3	1373	1383	42	1
SVA_B_chr15_70870953	SVA_B	chr15	70870953	70872450	-	chr15	68694230	68695737	-	1498	1	1383	1383	42	1
SVA_B_chr3_38064012	SVA_B	chr3	38064012	38065390	-	chr3	38068228	38069606	-	1379	3	1383	1383	42	1
SVA_B_chr3_51607107	SVA_B	chr3	51607107	51608890	-	chr3	51638624	51640407	-	1784	3	1383	1383	42	1
SVA_B_chr4_103722664	SVA_B	chr4	103722664	103724048	+	chr4	107034601	107035985	+	1385	1	1383	1383	42	1
SVA_B_chr7_83124708	SVA_B	chr7	83124708	83125903	+	chr7	84375927	84377122	+	1196	1	1383	1383	42	1
SVA_B_chr9_861060	SVA_B	chr9	861060	862502	-	chr9	862304	863741	-	1443	40	1383	1383	42	1
SVA_B_chr12_117730472	SVA_B	chr12	117730472	117732051	+	chr12	117717664	117719244	+	1580	1	1383	1383	43	1
SVA_B_chr13_32720649	SVA_B	chr13	32720649	32722378	-	chr13	31937956	31939685	-	1730	21	1377	1383	43	1
SVA_B_chr5_76550353	SVA_B	chr5	76550353	76551898	-	chr5	77032104	77033649	-	1546	1	1383	1383	43	1
SVA_B_chr5_180530567	SVA_B	chr5	180530567	180532000	-	chr5	181086438	181087871	-	1434	34	1383	1383	43	1
SVA_B_chrX_40210525	SVA_B	chrX	40210525	40211825	-	chrX	39611764	39613403	-	1301	1	1383	1383	43	1
SVA_B_chrX_151598822	SVA_B	chrX	151598822	151600317	-	chrX	149867139	149868634	-	1496	1	1383	1383	43	1
SVA_C_chr11_116346378	SVA_C	chr11	116346378	116348067	+	chr11	116360451	116362140	+	1690	4	1384	1384	24	1
SVA_C_chr2_171865853	SVA_C	chr2	171865853	171867661	-	chr2	172343322	172345507	-	1809	7	1373	1384	25	1
SVA_C_chr10_119558940	SVA_C	chr10	119558940	119560494	-	chr10	120456520	120458074	-	1555	2	1366	1384	26	1
SVA_C_chr8_33657538	SVA_C	chr8	33657538	33659253	-	chr8	33928810	33930525	-	1716	16	1381	1384	26	1
SVA_C_chr1_171693139	SVA_C	chr1	171693139	171694693	-	chr1	171049606	171051160	-	1555	2	1384	1384	28	1
SVA_C_chr6_73205112	SVA_C	chr6	73205112	73206394	-	chr6	74381737	74383019	-	1283	1	1384	1384	28	1
SVA_C_chr6_125770165	SVA_C	chr6	125770165	125771668	+	chr6	126958679	126960182	+	1504	5	1384	1384	28	1
SVA_C_chr1_150850243	SVA_C	chr1	150850243	150851876	+	chr1	149973916	149975549	+	1634	1	1384	1384	29	1
SVA_C_chr13_49761202	SVA_C	chr13	49761202	49762874	+	chr13	48980092	48981764	+	1673	1	1377	1384	29	1
SVA_C_chr20_25312169	SVA_C	chr20	25312169	25313578	+	chr20	25377258	25378667	+	1410	19	1365	1384	29	1
SVA_C_chr5_152479242	SVA_C	chr5	152479242	152480866	-	chr5	153012225	153013849	-	1625	1	1384	1384	29	1
SVA_C_chr1_168207184	SVA_C	chr1	168207184	168208656	-	chr1	167558691	167560163	-	1473	1	1367	1384	30	1
SVA_C_chr3_9569489	SVA_C	chr3	9569489	9570736	+	chr3	9561437	9562684	+	1248	32	1369	1384	30	1
SVA_C_chr4_37819807	SVA_C	chr4	37819807	37821309	+	chr4	37788875	37790377	+	1503	5	1384	1384	30	1
SVA_C_chr7_139100801	SVA_C	chr7	139100801	139102019	+	chr7	140413726	140415324	+	1219	2	1379	1384	30	1
SVA_C_chr8_67166728	SVA_C	chr8	67166728	67168352	-	chr8	67593184	67594808	-	1625	1	1380	1384	30	1
SVA_C_chr10_21836885	SVA_C	chr10	21836885	21838642	+	chr10	21855918	21857675	+	1758	3	1383	1384	31	1
SVA_C_chr10_98151908	SVA_C	chr10	98151908	98153628	+	chr10	99032290	99034010	+	1721	1	1384	1384	31	1
SVA_C_chr5_135408539	SVA_C	chr5	135408539	135409983	+	chr5	135935707	135937151	+	1445	1	1375	1384	31	1
SVA_C_chr1_113062955	SVA_C	chr1	113062955	113064386	-	chr1	113077346	113078777	-	1432	32	1361	1384	32	1
SVA_C_chr11_119058618	SVA_C	chr11	119058618	119059958	-	chr11	119078970	119080320	-	1341	7	1384	1384	32	1
SVA_C_chr11_124402833	SVA_C	chr11	124402833	124404154	-	chr11	124431505	124432827	-	1322	5	1380	1384	32	1
SVA_C_chr12_24925568	SVA_C	chr12	24925568	24926968	+	chr12	24795618	24797018	+	1401	7	1378	1384	32	1
SVA_C_chr12_40352470	SVA_C	chr12	40352470	40354032	-	chr12	40304648	40306183	-	1563	4	1375	1384	32	1
SVA_C_chr14_23231648	SVA_C	chr14	23231648	23233421	+	chr14	17432630	17434401	+	1774	32	1382	1384	32	1
SVA_C_chr15_60946234	SVA_C	chr15	60946234	60947708	+	chr15	58749358	58750787	+	1475	3	1384	1384	32	1
SVA_C_chr5_139111826	SVA_C	chr5	139111826	139113340	+	chr5	139637943	139639456	+	1515	12	1373	1384	32	2
SVA_C_chr6_99649536	SVA_C	chr6	99649536	99651041	-	chr6	100822992	100824490	-	1506	32	1378	1384	32	1
SVA_C_chr6_111016684	SVA_C	chr6	111016684	111018243	-	chr6	112195302	112196861	-	1560	5	1383	1384	32	1
SVA_C_chr1_114803830	SVA_C	chr1	114803830	114805378	-	chr1	114815263	114816821	-	1549	5	1381	1384	33	1
SVA_C_chr17_18337544	SVA_C	chr17	18337544	18339066	+	chr17	18284350	18285872	+	1523	1	1384	1384	33	1
SVA_C_chr5_118964395	SVA_C	chr5	118964395	118965951	+	chr5	119477464	119479022	+	1557	1	1382	1384	33	1
SVA_C_chr12_14354081	SVA_C	chr12	14354081	14355540	+	chr12	14231576	14233036	+	1460	32	1384	1384	34	1
SVA_C_chr12_38329743	SVA_C	chr12	38329743	38331314	-	chr12	38279358	38280973	-	1572	3	1380	1384	34	1
SVA_C_chr14_69902599	SVA_C	chr14	69902599	69903919	+	chr14	64110233	64111552	+	1321	11	1384	1384	34	1
SVA_C_chr3_38052758	SVA_C	chr3	38052758	38054213	+	chr3	38056957	38058442	+	1456	1	1383	1384	34	1
SVA_C_chr4_158881409	SVA_C	chr4	158881409	158883015	+	chr4	162232219	162233787	+	1607	2	1384	1384	34	1
SVA_C_chr1_12007767	SVA_C	chr1	12007767	12009247	-	chr1	11551904	11553383	-	1481	5	1383	1384	35	1
SVA_C_chr10_49969752	SVA_C	chr10	49969752	49971348	+	chr10	50819388	50820984	+	1597	1	1384	1384	35	1
SVA_C_chr10_65051699	SVA_C	chr10	65051699	65052931	+	chr10	65909569	65910800	+	1233	1	1382	1384	35	1
SVA_C_chr14_70476940	SVA_C	chr14	70476940	70478540	+	chr14	64682962	64684562	+	1601	3	1384	1384	35	1
SVA_C_chr16_24573491	SVA_C	chr16	24573491	24575810	-	chr16	24850418	24852737	-	2320	3	1382	1384	35	1
SVA_C_chr17_16311459	SVA_C	chr17	16311459	16312957	-	chr17	16213766	16215283	-	1499	9	1384	1384	35	1
SVA_C_chr19_36068352	SVA_C	chr19	36068352	36070054	-	chr19	38614154	38615879	-	1703	1	1384	1384	35	1
SVA_C_chr2_42621133	SVA_C	chr2	42621133	42622441	-	chr2	42626407	42627718	-	1309	10	1382	1384	35	1
SVA_C_chr2_175107527	SVA_C	chr2	175107527	175109188	+	chr2	175596311	175597972	+	1662	1	1384	1384	35	1
SVA_C_chr4_67636367	SVA_C	chr4	67636367	67637833	+	chr4	71079447	71080908	+	1467	4	1364	1384	35	1
SVA_C_chr4_170045722	SVA_C	chr4	170045722	170047562	+	chr4	173405902	173407742	+	1841	1	1367	1384	35	1
SVA_C_chr7_88265481	SVA_C	chr7	88265481	88267386	-	chr7	89515968	89517873	-	1906	54	1383	1384	35	1
SVA_C_chrX_14302215	SVA_C	chrX	14302215	14303472	-	chrX	13882412	13883669	-	1258	29	1368	1384	35	1
SVA_C_chr10_102300977	SVA_C	chr10	102300977	102302286	-	chr10	103185956	103187254	-	1310	24	1383	1384	36	1
SVA_C_chr10_118894963	SVA_C	chr10	118894963	118896427	+	chr10	119790340	119791868	+	1465	57	1383	1384	36	1
SVA_C_chr11_86770196	SVA_C	chr11	86770196	86771519	-	chr11	86710950	86712273	-	1324	1	1367	1384	36	1
SVA_C_chr19_9679321	SVA_C	chr19	9679321	9680934	+	chr19	9805511	9807124	+	1614	15	1377	1384	36	1
SVA_C_chr2_25705084	SVA_C	chr2	25705084	25706462	+	chr2	25740385	25741763	+	1379	26	1379	1384	36	1
SVA_C_chr2_171774049	SVA_C	chr2	171774049	171775537	+	chr2	172251498	172252986	+	1489	2	1384	1384	36	1
SVA_C_chr2_210950108	SVA_C	chr2	210950108	210951606	+	chr2	211430825	211432323	+	1499	1	1384	1384	36	1
SVA_C_chr9_34038300	SVA_C	chr9	34038300	34039864	+	chr9	34056875	34058439	+	1565	46	1384	1384	36	1
SVA_C_chr9_83272058	SVA_C	chr9	83272058	83273626	+	chr9	95421865	95423443	+	1569	1	1384	1384	36	1
SVA_C_chr9_125107798	SVA_C	chr9	125107798	125109375	+	chr9	137306146	137307723	+	1578	3	1382	1384	36	1
SVA_D_chr1_6304394	SVA_D	chr1	6304394	6306236	-	chr1	5830038	5831880	-	1843	1	1386	1386	18	1
SVA_D_chr15_92767465	SVA_D	chr15	92767465	92769371	-	chr15	90529726	90531632	-	1907	2	1386	1386	18	1
SVA_D_chr4_48362770	SVA_D	chr4	48362770	48364908	-	chr4	48329779	48331917	-	2139	1	1377	1386	18	1
SVA_D_chr20_38460665	SVA_D	chr20	38460665	38462605	-	chr20	40188262	40190251	-	1941	1	1386	1386	19	1
SVA_D_chr20_41554409	SVA_D	chr20	41554409	41556306	-	chr20	43286207	43288104	-	1898	2	1367	1386	19	1
SVA_D_chr13_32715625	SVA_D	chr13	32715625	32717706	+	chr13	31932932	31935012	+	2082	1	1385	1386	20	1
SVA_D_chr21_44824049	SVA_D	chr21	44824049	44825934	+	chr21	43184499	43186638	+	1886	1	1368	1386	20	1
SVA_D_chr5_37414782	SVA_D	chr5	37414782	37416565	-	chr5	37664599	37666229	-	1784	1	1386	1386	20	1
SVA_D_chr5_76983864	SVA_D	chr5	76983864	76985950	-	chr5	77465680	77467664	-	2087	1	1385	1386	20	1
SVA_D_chr7_99426152	SVA_D	chr7	99426152	99428117	+	chr7	100665053	100667018	+	1966	1	1382	1386	20	1
SVA_D_chrX_41611665	SVA_D	chrX	41611665	41613648	+	chrX	41016589	41018572	+	1984	1	1386	1386	20	1
SVA_D_chr1_26595456	SVA_D	chr1	26595456	26597516	+	chr1	26433406	26435466	+	2061	5	1386	1386	21	1
SVA_D_chr15_68963676	SVA_D	chr15	68963676	68965560	-	chr15	66786201	66788085	-	1885	2	1385	1386	21	1
SVA_D_chr20_25561017	SVA_D	chr20	25561017	25562790	+	chr20	25626052	25627819	+	1774	2	1385	1386	21	1
SVA_D_chr20_37011856	SVA_D	chr20	37011856	37013605	+	chr20	38736201	38737950	+	1750	9	1386	1386	21	1
SVA_D_chr3_39227089	SVA_D	chr3	39227089	39228593	+	chr3	39239995	39241498	+	1505	53	1386	1386	21	1
SVA_D_chr11_61165758	SVA_D	chr11	61165758	61167309	-	chr11	61117268	61118819	-	1552	1	1385	1386	22	1
SVA_D_chr12_49860209	SVA_D	chr12	49860209	49862000	+	chr12	49823221	49825012	+	1792	5	1386	1386	22	1
SVA_D_chr12_54487481	SVA_D	chr12	54487481	54489299	-	chr12	54454055	54455873	-	1819	1	1386	1386	22	1
SVA_D_chr12_121633651	SVA_D	chr12	121633651	121634754	-	chr12	121626842	121627945	-	1104	1	1385	1386	22	2
SVA_D_chr15_72395802	SVA_D	chr15	72395802	72397643	+	chr15	70212605	70214974	+	1842	1	1386	1386	22	1
SVA_D_chr17_81617662	SVA_D	chr17	81617662	81619218	+	chr17	82534597	82536165	+	1557	27	1384	1386	22	1
SVA_D_chr20_34657952	SVA_D	chr20	34657952	34660068	+	chr20	36378643	36380760	+	2117	1	1386	1386	22	1
SVA_D_chr22_29643293	SVA_D	chr22	29643293	29644973	-	chr22	30106657	30108337	-	1681	5	1383	1386	22	1
SVA_D_chrX_52826184	SVA_D	chrX	52826184	52827780	-	chrX	52111091	52112687	-	1597	38	1386	1386	22	1
SVA_D_chr1_27288351	SVA_D	chr1	27288351	27290042	-	chr1	27129567	27131257	-	1692	2	1385	1386	23	1
SVA_D_chr1_209128438	SVA_D	chr1	209128438	209130222	+	chr1	208375229	208377013	+	1785	1	1386	1386	23	1
SVA_D_chr13_51077120	SVA_D	chr13	51077120	51078923	+	chr13	50292228	50293991	+	1804	5	1385	1386	23	1
SVA_D_chr15_83821246	SVA_D	chr15	83821246	83823240	-	chr15	81689649	81691650	-	1995	1	1382	1386	23	1
SVA_D_chr20_37125176	SVA_D	chr20	37125176	37127141	+	chr20	38849536	38851501	+	1966	1	1377	1386	23	1
SVA_D_chr3_48733473	SVA_D	chr3	48733473	48735453	+	chr3	48762443	48764469	+	1981	1	1385	1386	23	1
SVA_D_chr3_51857958	SVA_D	chr3	51857958	51859674	+	chr3	51890981	51892697	+	1717	2	1386	1386	23	1
SVA_D_chr4_109596726	SVA_D	chr4	109596726	109598642	-	chr4	112898547	112900610	-	1917	1	1386	1386	23	1
SVA_D_chr4_187990938	SVA_D	chr4	187990938	187991995	-	chr4	191338886	191339943	-	1058	2	1386	1386	23	1
SVA_D_chr7_105410022	SVA_D	chr7	105410022	105411794	-	chr7	106724208	106725979	-	1773	3	1379	1386	23	1
SVA_D_chr9_88244093	SVA_D	chr9	88244093	88245999	-	chr9	100398195	100400101	-	1907	1	1386	1386	23	1
SVA_D_chr9_125576480	SVA_D	chr9	125576480	125578451	+	chr9	137776126	137778357	+	1972	1	1386	1386	23	1
SVA_D_chr1_21052544	SVA_D	chr1	21052544	21054486	+	chr1	20879208	20881150	+	1943	1	1386	1386	24	1
SVA_D_chr1_156327262	SVA_D	chr1	156327262	156328873	+	chr1	155465731	155467484	+	1612	1	1386	1386	24	1
SVA_D_chr11_19859140	SVA_D	chr11	19859140	19861072	-	chr11	19979577	19981735	-	1933	5	1386	1386	24	1
SVA_D_chr11_83315619	SVA_D	chr11	83315619	83317851	-	chr11	83252049	83254281	-	2233	1	1383	1386	24	1
SVA_D_chr13_24969693	SVA_D	chr13	24969693	24971229	-	chr13	24177954	24179983	-	1537	3	1386	1386	24	1
SVA_D_chr14_64037134	SVA_D	chr14	64037134	64038888	-	chr14	58244473	58246616	-	1755	1	1383	1386	24	1
SVA_D_chr16_17505015	SVA_D	chr16	17505015	17506864	-	chr16	17512244	17513919	-	1850	1	1384	1386	24	1
SVA_D_chr19_58146518	SVA_D	chr19	58146518	58148410	+	chr19	61242989	61244880	+	1893	4	1386	1386	24	1
SVA_D_chr2_156450666	SVA_D	chr2	156450666	156452583	-	chr2	156903508	156905379	-	1918	2	1383	1386	24	1
SVA_D_chr20_36000754	SVA_D	chr20	36000754	36002446	-	chr20	37721733	37723425	-	1693	1	1383	1386	24	1
SVA_D_chr3_15162029	SVA_D	chr3	15162029	15164187	-	chr3	15164437	15166597	-	2159	4	1386	1386	24	1
SVA_D_chr4_16392532	SVA_D	chr4	16392532	16394357	-	chr4	16374468	16376227	-	1826	1	1384	1386	24	1
SVA_D_chr5_139055632	SVA_D	chr5	139055632	139057333	+	chr5	139581732	139583447	+	1702	1	1385	1386	24	1
SVA_D_chr6_32384190	SVA_D	chr6	32384190	32386122	-	chr6	32237126	32239058	-	1933	1	1384	1386	24	1
SVA_D_chr6_34785776	SVA_D	chr6	34785776	34787536	+	chr6	34608572	34610337	+	1761	3	1386	1386	24	1
SVA_D_chr7_47958783	SVA_D	chr7	47958783	47960388	+	chr7	48121024	48122669	+	1606	1	1386	1386	24	1
SVA_D_chr7_132984020	SVA_D	chr7	132984020	132986416	+	chr7	134305536	134307932	+	2397	2	1386	1386	24	1
SVA_D_chr8_37927083	SVA_D	chr8	37927083	37928713	+	chr8	38203499	38205129	+	1631	1	1386	1386	24	1
SVA_D_chr8_141201549	SVA_D	chr8	141201549	141203194	-	chr8	142321665	142323258	-	1646	2	1386	1386	24	1
SVA_D_chr9_33600251	SVA_D	chr9	33600251	33601837	+	chr9	33618765	33620352	+	1587	1	1382	1386	24	1
SVA_D_chrX_48114626	SVA_D	chrX	48114626	48116365	+	chrX	47524774	47526512	+	1740	13	1386	1386	24	1
SVA_D_chr1_143702024	SVA_D	chr1	143702024	143704151	+	chr1	142774159	142776286	+	2128	1	1386	1386	25	1
SVA_D_chr10_103606461	SVA_D	chr10	103606461	103608170	+	chr10	104493800	104495534	+	1710	1	1386	1386	25	1
SVA_E_chrX_53577490	SVA_E	chrX	53577490	53579966	+	chrX	52863849	52866326	+	2477	1	1382	1382	17	1
SVA_E_chr10_2805966	SVA_E	chr10	2805966	2807033	-	chr10	2805515	2806582	-	1068	1	1380	1382	18	1
SVA_E_chr19_21720324	SVA_E	chr19	21720324	21722724	+	chr19	21858935	21861339	+	2401	1	1382	1382	19	1
SVA_E_chr2_200682649	SVA_E	chr2	200682649	200684775	-	chr2	201166098	201168224	-	2127	3	1359	1382	19	1
SVA_E_chr22_40744154	SVA_E	chr22	40744154	40746437	-	chr22	41216074	41218657	-	2284	1	1381	1382	19	1
SVA_E_chr17_77775636	SVA_E	chr17	77775636	77777660	+	chr17	78668947	78671137	+	2025	1	1382	1382	21	1
SVA_E_chr6_29717873	SVA_E	chr6	29717873	29720277	+	.	-1	-1	.	2405	1	1382	1382	22	1
SVA_E_chr7_66392678	SVA_E	chr7	66392678	66395116	-	.	-1	-1	.	2439	3	1382	1382	23	2
SVA_E_chr1_77868933	SVA_E	chr1	77868933	77871140	-	chr1	77707745	77709966	-	2208	1	1382	1382	25	1
SVA_E_chr16_5201747	SVA_E	chr16	5201747	5203789	-	chr16	5231252	5233427	-	2043	1	1382	1382	26	1
SVA_E_chr17_27211366	SVA_E	chr17	27211366	27213327	+	chr17	28152003	28154410	+	1962	1	1382	1382	28	1
SVA_E_chr7_140361513	SVA_E	chr7	140361513	140363710	+	chr7	141675082	141677280	+	2198	1	1382	1382	28	1
SVA_E_chr2_126226	SVA_E	chr2	126226	127645	+	chr2	119386	121151	+	1420	50	1382	1382	29	1
SVA_E_chrX_68325838	SVA_E	chrX	68325838	68327795	+	chrX	66758681	66761270	+	1958	4	1382	1382	31	1
SVA_E_chr19_52810861	SVA_E	chr19	52810861	52812782	+	chr19	55895342	55897118	+	1922	1	1382	1382	32	1
SVA_E_chr7_2533492	SVA_E	chr7	2533492	2535341	-	chr7	2646956	2648853	-	1850	1	1382	1382	32	1
SVA_E_chr1_245774666	SVA_E	chr1	245774666	245775730	+	chr1	245195397	245196461	+	1065	2	1382	1382	52	1
SVA_E_chr8_30245945	SVA_E	chr8	30245945	30247879	-	chr8	30524819	30526753	-	1935	50	1367	1387	55	1
SVA_E_chr9_82899	SVA_E	chr9	82899	83920	-	chr9	77036	78057	-	1022	60	1382	1382	55	1
SVA_E_chr6_51981374	SVA_E	chr6	51981374	51982817	+	.	-1	-1	.	1444	57	1373	1382	60	1
SVA_E_chr4_108408841	SVA_E	chr4	108408841	108410586	+	chr4	111711178	111713467	+	1746	50	1382	1382	61	1
SVA_E_chr1_13327613	SVA_E	chr1	13327613	13330093	+	chr1	12768853	12771344	+	2481	1	1382	1382	62	2
SVA_E_chr1_143637105	SVA_E	chr1	143637105	143639613	+	chr1	142709237	142711745	+	2509	58	1382	1382	63	2
SVA_E_chr7_139519395	SVA_E	chr7	139519395	139521091	-	chr7	140832694	140834390	-	1697	1	1367	1034	64	2
SVA_E_chr2_201281936	SVA_E	chr2	201281936	201284714	-	.	-1	-1	.	2779	1	1382	1382	65	2
SVA_E_chrX_65456458	SVA_E	chrX	65456458	65458080	+	chrX	63882557	63884526	+	1623	50	1382	1382	65	1
SVA_E_chr11_20547777	SVA_E	chr11	20547777	20549630	+	chr11	20668302	20670435	+	1854	58	1382	1382	66	2
SVA_E_chr15_43075996	SVA_E	chr15	43075996	43077659	+	chr15	40883157	40884948	+	1664	50	1376	1382	66	1
SVA_E_chr2_191397193	SVA_E	chr2	191397193	191399262	-	chr2	191886301	191888199	-	2070	50	1381	1382	66	1
SVA_E_chr10_62947056	SVA_E	chr10	62947056	62949089	+	chr10	63805254	63807237	+	2034	60	1362	1382	67	1
SVA_E_chr2_216225260	SVA_E	chr2	216225260	216227598	-	.	-1	-1	.	2339	1	1362	1382	68	1
SVA_E_chr8_28880287	SVA_E	chr8	28880287	28882478	+	chr8	29158483	29160668	+	2192	57	1382	1382	69	2
SVA_E_chr1_64200486	SVA_E	chr1	64200486	64202268	+	chr1	64076174	64078231	+	1783	50	1363	1382	69	1
SVA_E_chr10_69992074	SVA_E	chr10	69992074	69993857	-	chr10	70860575	70862855	-	1784	57	1379	1382	69	1
SVA_E_chr1_45724003	SVA_E	chr1	45724003	45726090	+	chr1	45601159	45603245	+	2088	50	1367	1382	70	2
SVA_E_chr22_42980466	SVA_E	chr22	42980466	42982889	+	chr22	43461471	43463894	+	2424	5	1382	1382	70	2
SVA_E_chr1_20814804	SVA_E	chr1	20814804	20817259	+	chr1	20641487	20643897	+	2456	50	1382	1382	72	1
SVA_E_chr1_234266878	SVA_E	chr1	234266878	234268452	-	chr1	233656937	233658554	-	1575	45	1387	1387	72	1
SVA_E_chr8_51533478	SVA_E	chr8	51533478	51535612	+	chr8	51906555	51908697	+	2135	6	1359	1382	73	1
SVA_E_chr3_121312479	SVA_E	chr3	121312479	121314584	-	chr3	124032426	124034484	-	2106	57	1362	1382	73	2
SVA_E_chr1_27063474	SVA_E	chr1	27063474	27065559	+	chr1	26902274	26904359	+	2086	57	1380	1382	74	1
SVA_E_chr4_83184625	SVA_E	chr4	83184625	83187035	-	chr4	86514411	86517162	-	2411	4	1362	1382	74	1
SVA_E_chr7_20667754	SVA_E	chr7	20667754	20669743	+	.	-1	-1	.	1990	61	1382	1382	74	1
SVA_E_chr15_60365827	SVA_E	chr15	60365827	60368305	+	chr15	58168978	58171459	+	2479	2	1359	1382	75	2
SVA_E_chr2_27556712	SVA_E	chr2	27556712	27558890	-	chr2	27599572	27601971	-	2179	57	1376	1382	75	1
SVA_E_chr10_31969059	SVA_E	chr10	31969059	31971690	+	.	-1	-1	.	2632	1	1381	1382	76	3
SVA_E_chr5_88615220	SVA_E	chr5	88615220	88616818	+	chr5	89096309	89097933	+	1599	1	1372	1386	77	1
SVA_E_chr12_95839859	SVA_E	chr12	95839859	95842418	-	.	-1	-1	.	2560	1	1362	1382	79	2
SVA_E_chr10_12518460	SVA_E	chr10	12518460	12520925	-	chr10	12530761	12533226	-	2466	50	1371	1382	79	2
SVA_E_chr2_27539128	SVA_E	chr2	27539128	27541442	-	chr2	27581488	27584301	-	2315	1	1362	1382	79	1
SVA_E_chr6_56893618	SVA_E	chr6	56893618	56896059	-	.	-1	-1	.	2442	1	1362	1382	79	1
SVA_E_chr3_146095855	SVA_E	chr3	146095855	146097805	+	chr3	148851421	148853364	+	1951	1	1372	1387	79	2
SVA_E_chr14_64894265	SVA_E	chr14	64894265	64896723	-	.	-1	-1	.	2459	1	1362	1382	80	1
SVA_E_chr2_214834316	SVA_E	chr2	214834316	214836344	-	chr2	215318891	215321271	-	2029	57	1362	1382	80	1
SVA_E_chr17_30978607	SVA_E	chr17	30978607	30981349	-	chr17	31924311	31927056	-	2743	57	1382	1382	80	2
SVA_E_chr2_222895499	SVA_E	chr2	222895499	222897913	-	.	-1	-1	.	2415	55	1362	1382	81	2
SVA_E_chr7_112921939	SVA_E	chr7	112921939	112923527	+	chr7	114240875	114242462	+	1589	11	1381	1386	81	2
SVA_E_chr22_23853843	SVA_E	chr22	23853843	23856304	+	.	-1	-1	.	2462	57	1380	1382	81	2
SVA_E_chr1_24832278	SVA_E	chr1	24832278	24834863	-	.	-1	-1	.	2586	1	1382	1382	81	1
SVA_E_chr7_23635904	SVA_E	chr7	23635904	23638734	+	chr7	23775252	23778032	+	2831	50	1382	1382	82	2
SVA_F_chr18_54342429	SVA_F	chr18	54342429	54344593	+	chr18	54545509	54547673	+	2165	1	1375	1375	11	1
SVA_F_chr1_86215086	SVA_F	chr1	86215086	86217337	+	chr1	86055587	86058099	+	2252	1	1375	1375	15	1
SVA_F_chr15_88940745	SVA_F	chr15	88940745	88942744	-	chr15	86695418	86697697	-	2000	1	1375	1375	15	1
SVA_F_chr16_28697186	SVA_F	chr16	28697186	28699512	-	chr16	28977873	28980204	-	2327	1	1375	1375	15	1
SVA_F_chr9_81709537	SVA_F	chr9	81709537	81711924	+	.	-1	-1	.	2388	2	1374	1375	16	1
SVA_F_chr9_88625520	SVA_F	chr9	88625520	88627046	+	.	-1	-1	.	1527	57	1375	1375	16	1
SVA_F_chr19_34078485	SVA_F	chr19	34078485	34080632	-	chr19	36599354	36601293	-	2148	1	1375	1375	17	1
SVA_F_chr12_37813722	SVA_F	chr12	37813722	37815949	-	.	-1	-1	.	2228	2	1375	1375	18	1
SVA_F_chr20_32723118	SVA_F	chr20	32723118	32724962	+	.	-1	-1	.	1845	1	1375	1375	18	1
SVA_F_chr11_62277904	SVA_F	chr11	62277904	62280312	+	chr11	62267170	62269593	+	2409	1	1375	1375	19	1
SVA_F_chr22_38806279	SVA_F	chr22	38806279	38808555	+	chr22	39276615	39278894	+	2277	1	1375	1375	19	1
SVA_F_chr10_99891150	SVA_F	chr10	99891150	99892776	+	chr10	100774933	100776559	+	1627	3	1374	1375	20	1
SVA_F_chr16_2801337	SVA_F	chr16	2801337	2802860	-	chr16	2821910	2823433	-	1524	57	1375	1375	20	1
SVA_F_chr2_27358784	SVA_F	chr2	27358784	27360255	+	chr2	27401203	27402674	+	1472	47	1375	1375	20	1
SVA_F_chrX_42473407	SVA_F	chrX	42473407	42475033	-	chrX	41878723	41881056	-	1627	1	1375	1375	20	1
SVA_F_chr3_78582482	SVA_F	chr3	78582482	78584298	-	chr3	78637212	78639592	-	1817	57	1375	1375	22	1
SVA_F_chr7_2267300	SVA_F	chr7	2267300	2269533	+	chr7	2380717	2382998	+	2234	5	1375	1375	22	1
SVA_F_chr1_150780850	SVA_F	chr1	150780850	150782545	+	chr1	149904647	149906213	+	1696	1	1375	1375	24	1
SVA_F_chr11_119507012	SVA_F	chr11	119507012	119508903	-	chr11	119528547	119530902	-	1892	14	1352	1375	24	1
SVA_F_chr12_56075092	SVA_F	chr12	56075092	56076774	-	chr12	56042163	56044225	-	1683	4	1375	1375	24	1
SVA_F_chr2_10901947	SVA_F	chr2	10901947	10903908	-	chr2	10931957	10933672	-	1962	1	1375	1375	24	1
SVA_F_chr14_73183295	SVA_F	chr14	73183295	73185638	-	chr14	67388836	67391130	-	2344	1	1375	1375	25	1
SVA_F_chr15_28069386	SVA_F	chr15	28069386	28071182	+	chr15	25811914	25813710	+	1797	1	1375	1375	25	1
SVA_F_chr15_82997221	SVA_F	chr15	82997221	82999196	-	chr15	80861579	80863536	-	1976	3	1374	1375	25	1
SVA_F_chr17_42972299	SVA_F	chr17	42972299	42974012	+	chr17	43829300	43831286	+	1714	1	1374	1375	25	1
SVA_F_chr1_21023240	SVA_F	chr1	21023240	21024912	+	chr1	20849898	20851576	+	1673	5	1375	1375	26	1
SVA_F_chr11_60814499	SVA_F	chr11	60814499	60816375	+	chr11	60765666	60767542	+	1877	47	1374	1375	26	1
SVA_F_chr17_27033154	SVA_F	chr17	27033154	27034844	+	chr17	27973760	27975450	+	1691	51	1375	1375	26	1
SVA_F_chr1_237126780	SVA_F	chr1	237126780	237128383	-	chr1	236537788	236539391	-	1604	32	1375	1375	28	1
SVA_F_chr11_65238595	SVA_F	chr11	65238595	65240322	+	chr11	65231898	65233739	+	1728	1	1375	1375	28	1
SVA_F_chr1_108675095	SVA_F	chr1	108675095	108676716	+	chr1	108708136	108709916	+	1622	38	1373	1375	29	1
SVA_F_chr15_39893098	SVA_F	chr15	39893098	39895275	-	chr15	37698312	37700587	-	2178	2	1375	1375	29	1
SVA_F_chr16_24108350	SVA_F	chr16	24108350	24110141	-	chr16	24384178	24386656	-	1792	1	1375	1375	29	1
SVA_F_chr2_63721710	SVA_F	chr2	63721710	63723303	+	chr2	63729234	63730828	+	1594	5	1375	1375	29	1
SVA_F_chr3_46493902	SVA_F	chr3	46493902	46495730	+	chr3	46509699	46511840	+	1829	19	1374	1375	29	2
SVA_F_chr1_151650596	SVA_F	chr1	151650596	151652242	-	chr1	150773957	150775603	-	1647	1	1375	1375	30	1
SVA_F_chr7_64808587	SVA_F	chr7	64808587	64810475	-	chr7	66016123	66018201	-	1889	1	1375	1375	30	1
SVA_F_chr13_21185715	SVA_F	chr13	21185715	21187456	-	chr13	20378795	20380555	-	1742	1	1374	1375	31	1
SVA_F_chr7_73835190	SVA_F	chr7	73835190	73837301	+	chr7	75036085	75038137	+	2112	1	1375	1375	31	1
SVA_F_chr5_16276175	SVA_F	chr5	16276175	16277903	-	chr5	16215489	16217257	-	1729	1	1375	1375	32	1
SVA_F_chr9_38324002	SVA_F	chr9	38324002	38325986	+	chr9	38347829	38350191	+	1985	1	1375	1375	32	1
SVA_F_chr9_15405803	SVA_F	chr9	15405803	15407747	+	chr9	15417562	15419674	+	1945	1	1375	1375	33	1
SVA_F_chrX_149420103	SVA_F	chrX	149420103	149421792	+	chrX	147685839	147687528	+	1690	1	1375	1375	34	1
SVA_F_chr6_76743673	SVA_F	chr6	76743673	76745513	+	chr6	77920743	77922584	+	1841	32	1375	1375	38	1
SVA_F_chr1_25603230	SVA_F	chr1	25603230	25604932	+	chr1	25440567	25442269	+	1703	5	1355	1375	39	1
SVA_F_chr9_125328195	SVA_F	chr9	125328195	125329112	-	chr9	137527373	137528288	-	918	57	1375	1375	40	1
SVA_F_chr12_121993006	SVA_F	chr12	121993006	121994977	+	chr12	121989307	121990791	+	1972	57	1375	1375	40	2
SVA_F_chr11_66587016	SVA_F	chr11	66587016	66589110	+	chr11	66583262	66585356	+	2095	47	1383	1384	41	1
SVA_F_chr6_5834887	SVA_F	chr6	5834887	5836699	-	chr6	5704274	5705690	-	1813	1	1370	1375	42	1
SVA_F_chr3_58889551	SVA_F	chr3	58889551	58891413	-	chr3	58929960	58931822	-	1863	47	1374	1375	43	1
SVA_F_chr8_9153369	SVA_F	chr8	9153369	9154908	-	chr8	10589122	10590710	+	1540	11	1373	1375	43	2
SVA_F_chr13_49592181	SVA_F	chr13	49592181	49594246	+	chr13	48810788	48812853	+	2066	58	1384	1384	45	1
SVA_F_chr1_39999077	SVA_F	chr1	39999077	40000636	+	chr1	39868530	39870089	+	1560	52	1375	1375	47	2
SVA_F_chr11_5933989	SVA_F	chr11	5933989	5935235	+	chr11	5992491	5993731	+	1247	1	1375	1375	47	1
SVA_F_chr2_172537160	SVA_F	chr2	172537160	172539055	+	chr2	173023411	173025306	+	1896	2	1352	1375	47	1
SVA_F_chr11_107911771	SVA_F	chr11	107911771	107913485	+	chr11	107918877	107920592	+	1715	1	1369	1375	48	1
SVA_F_chr17_30735726	SVA_F	chr17	30735726	30736784	-	chr17	31680714	31681772	-	1059	5	1374	1375	50	1
SVA_F_chr1_248676325	SVA_F	chr1	248676325	248677579	+	chr1	248114673	248115817	+	1255	53	1375	1375	51	1
SVA_F_chr2_233723527	SVA_F	chr2	233723527	233725177	-	chr2	234212176	234213826	-	1651	56	1375	1375	51	1
SVA_F_chr19_21864743	SVA_F	chr19	21864743	21866843	-	chr19	22003213	22005215	-	2101	60	1375	1375	51	2
