# patient_relpath<TAB>donor  — donor-level colony inventory (anonymized tree tips; see PLAN.md)
liver/PD36713	PD36713
liver/PD36714	PD36714
liver/PD36715	PD36715
liver/PD36717	PD36717
liver/PD36718	PD36718
liver/PD37105	PD37105
liver/PD37107	PD37107
liver/PD37110	PD37110
liver/PD37111	PD37111
liver/PD37113	PD37113
liver/PD37114	PD37114
liver/PD37115	PD37115
liver/PD37116	PD37116
liver/PD37118	PD37118
liver/PD37230	PD37230
liver/PD37231	PD37231
liver/PD37232	PD37232
liver/PD37234	PD37234
liver/PD37237	PD37237
liver/PD37238	PD37238
liver/PD37239	PD37239
liver/PD37240	PD37240
liver/PD37243	PD37243
liver/PD37245	PD37245
liver/PD37904	PD37904
liver/PD37907	PD37907
liver/PD37909	PD37909
liver/PD37910	PD37910
liver/PD37914	PD37914
liver/PD37915	PD37915
liver/PD37917	PD37917
liver/PD37918	PD37918
liver/PD48367	PD48367
liver/PD48372	PD48372
peripheral_blood/PD43976	PD43976
peripheral_blood/AX001	PD43976
