pair	donor	sample
Pair11	PD45792	PD45792b_lo0001
Pair11	PD45792	PD45792b_lo0002
Pair11	PD45792	PD45792b_lo0003
Pair11	PD45792	PD45792b_lo0004
Pair11	PD45792	PD45792b_lo0005
Pair11	PD45792	PD45792b_lo0008
Pair11	PD45792	PD45792b_lo0009
Pair11	PD45792	PD45792b_lo0010
Pair11	PD45792	PD45792b_lo0011
Pair11	PD45792	PD45792b_lo0012
Pair11	PD45792	PD45792b_lo0013
Pair11	PD45792	PD45792b_lo0014
Pair11	PD45792	PD45792b_lo0016
Pair11	PD45792	PD45792b_lo0018
Pair11	PD45792	PD45792b_lo0020
Pair11	PD45792	PD45792b_lo0021
Pair11	PD45792	PD45792b_lo0023
Pair11	PD45792	PD45792b_lo0024
Pair11	PD45792	PD45792b_lo0025
Pair11	PD45792	PD45792b_lo0027
Pair11	PD45792	PD45792b_lo0028
Pair11	PD45792	PD45792b_lo0030
Pair11	PD45792	PD45792b_lo0031
Pair11	PD45792	PD45792b_lo0032
Pair11	PD45792	PD45792b_lo0033
Pair11	PD45792	PD45792b_lo0035
Pair11	PD45792	PD45792b_lo0038
Pair11	PD45792	PD45792b_lo0039
Pair11	PD45792	PD45792b_lo0040
Pair11	PD45792	PD45792b_lo0042
Pair11	PD45792	PD45792b_lo0043
Pair11	PD45792	PD45792b_lo0044
Pair11	PD45792	PD45792b_lo0045
Pair11	PD45792	PD45792b_lo0046
Pair11	PD45792	PD45792b_lo0047
Pair11	PD45792	PD45792b_lo0048
Pair11	PD45792	PD45792b_lo0049
Pair11	PD45792	PD45792b_lo0051
Pair11	PD45792	PD45792b_lo0052
Pair11	PD45792	PD45792b_lo0053
Pair11	PD45792	PD45792b_lo0054
Pair11	PD45792	PD45792b_lo0055
Pair11	PD45792	PD45792b_lo0056
Pair11	PD45792	PD45792b_lo0057
Pair11	PD45792	PD45792b_lo0097
Pair11	PD45792	PD45792b_lo0098
Pair11	PD45792	PD45792b_lo0099
Pair11	PD45792	PD45792b_lo0100
Pair11	PD45792	PD45792b_lo0102
Pair11	PD45792	PD45792b_lo0103
Pair11	PD45792	PD45792b_lo0104
Pair11	PD45792	PD45792b_lo0107
Pair11	PD45792	PD45792b_lo0108
Pair11	PD45792	PD45792b_lo0111
Pair11	PD45792	PD45792b_lo0112
Pair11	PD45792	PD45792b_lo0113
Pair11	PD45792	PD45792b_lo0114
Pair11	PD45792	PD45792b_lo0115
Pair11	PD45792	PD45792b_lo0116
Pair11	PD45792	PD45792b_lo0117
Pair11	PD45792	PD45792b_lo0118
Pair11	PD45792	PD45792b_lo0119
Pair11	PD45792	PD45792b_lo0120
Pair11	PD45792	PD45792b_lo0121
Pair11	PD45792	PD45792b_lo0122
Pair11	PD45792	PD45792b_lo0123
Pair11	PD45792	PD45792b_lo0125
Pair11	PD45792	PD45792b_lo0126
Pair11	PD45792	PD45792b_lo0128
Pair11	PD45792	PD45792b_lo0130
Pair11	PD45792	PD45792b_lo0131
Pair11	PD45792	PD45792b_lo0132
Pair11	PD45792	PD45792b_lo0134
Pair11	PD45792	PD45792b_lo0135
Pair11	PD45792	PD45792b_lo0136
Pair11	PD45792	PD45792b_lo0137
Pair11	PD45792	PD45792b_lo0139
Pair11	PD45792	PD45792b_lo0140
Pair11	PD45792	PD45792b_lo0142
Pair11	PD45792	PD45792b_lo0143
Pair11	PD45792	PD45792b_lo0144
Pair11	PD45792	PD45792b_lo0145
Pair11	PD45792	PD45792b_lo0146
Pair11	PD45792	PD45792b_lo0147
Pair11	PD45792	PD45792b_lo0148
Pair11	PD45792	PD45792b_lo0149
Pair11	PD45792	PD45792b_lo0150
Pair11	PD45792	PD45792b_lo0151
Pair11	PD45792	PD45792b_lo0152
Pair11	PD45792	PD45792b_lo0153
Pair11	PD45792	PD45792b_lo0154
Pair11	PD45792	PD45792b_lo0155
Pair11	PD45792	PD45792b_lo0157
Pair11	PD45792	PD45792b_lo0158
Pair11	PD45792	PD45792b_lo0160
Pair11	PD45792	PD45792b_lo0161
Pair11	PD45792	PD45792b_lo0162
Pair11	PD45792	PD45792b_lo0163
Pair11	PD45792	PD45792b_lo0164
Pair11	PD45792	PD45792b_lo0170
Pair11	PD45792	PD45792b_lo0171
Pair11	PD45792	PD45792b_lo0175
Pair11	PD45792	PD45792b_lo0176
Pair11	PD45792	PD45792b_lo0182
Pair11	PD45792	PD45792b_lo0183
Pair11	PD45792	PD45792b_lo0186
Pair11	PD45792	PD45792b_lo0187
Pair11	PD45792	PD45792b_lo0188
Pair11	PD45792	PD45792b_lo0189
Pair11	PD45792	PD45792b_lo0190
Pair11	PD45792	PD45792b_lo0191
Pair11	PD45792	PD45792b_lo0193
Pair11	PD45792	PD45792b_lo0196
Pair11	PD45792	PD45792b_lo0197
Pair11	PD45792	PD45792b_lo0198
Pair11	PD45792	PD45792b_lo0199
Pair11	PD45792	PD45792b_lo0200
Pair11	PD45792	PD45792b_lo0201
Pair11	PD45792	PD45792b_lo0202
Pair11	PD45792	PD45792b_lo0205
Pair11	PD45792	PD45792b_lo0206
Pair11	PD45792	PD45792b_lo0208
Pair11	PD45792	PD45792b_lo0210
Pair11	PD45792	PD45792b_lo0211
Pair11	PD45792	PD45792b_lo0213
Pair11	PD45792	PD45792b_lo0214
Pair11	PD45792	PD45792b_lo0215
Pair11	PD45792	PD45792b_lo0217
Pair11	PD45792	PD45792b_lo0218
Pair11	PD45792	PD45792b_lo0219
Pair11	PD45792	PD45792b_lo0220
Pair11	PD45792	PD45792b_lo0221
Pair11	PD45792	PD45792b_lo0223
Pair11	PD45792	PD45792b_lo0224
Pair11	PD45792	PD45792b_lo0226
Pair11	PD45792	PD45792b_lo0227
Pair11	PD45792	PD45792b_lo0230
Pair11	PD45792	PD45792b_lo0231
Pair11	PD45792	PD45792b_lo0232
Pair11	PD45792	PD45792b_lo0233
Pair11	PD45792	PD45792b_lo0235
Pair11	PD45792	PD45792b_lo0236
Pair11	PD45792	PD45792b_lo0237
Pair11	PD45792	PD45792b_lo0239
Pair11	PD45792	PD45792b_lo0241
Pair11	PD45792	PD45792b_lo0242
Pair11	PD45792	PD45792b_lo0243
Pair11	PD45792	PD45792b_lo0244
Pair11	PD45792	PD45792b_lo0245
Pair11	PD45792	PD45792b_lo0247
Pair11	PD45792	PD45792b_lo0248
Pair11	PD45792	PD45792b_lo0250
Pair11	PD45792	PD45792b_lo0253
Pair11	PD45792	PD45792b_lo0254
Pair11	PD45792	PD45792b_lo0255
Pair11	PD45792	PD45792b_lo0256
Pair11	PD45792	PD45792b_lo0257
Pair11	PD45792	PD45792b_lo0258
Pair11	PD45792	PD45792b_lo0260
Pair11	PD45792	PD45792b_lo0261
Pair11	PD45792	PD45792b_lo0263
Pair11	PD45792	PD45792b_lo0266
Pair11	PD45792	PD45792b_lo0267
Pair11	PD45792	PD45792b_lo0269
Pair11	PD45792	PD45792b_lo0270
Pair11	PD45792	PD45792b_lo0271
Pair11	PD45792	PD45792b_lo0272
Pair11	PD45792	PD45792b_lo0273
Pair11	PD45792	PD45792b_lo0275
Pair11	PD45792	PD45792b_lo0276
Pair11	PD45792	PD45792b_lo0277
Pair11	PD45792	PD45792b_lo0278
Pair11	PD45792	PD45792b_lo0279
Pair11	PD45792	PD45792b_lo0280
Pair11	PD45792	PD45792b_lo0281
Pair11	PD45792	PD45792b_lo0283
Pair11	PD45792	PD45792b_lo0284
Pair11	PD45792	PD45792b_lo0286
Pair11	PD45792	PD45792b_lo0287
Pair11	PD45793	PD45793b_lo0001
Pair11	PD45793	PD45793b_lo0002
Pair11	PD45793	PD45793b_lo0003
Pair11	PD45793	PD45793b_lo0004
Pair11	PD45793	PD45793b_lo0005
Pair11	PD45793	PD45793b_lo0006
Pair11	PD45793	PD45793b_lo0007
Pair11	PD45793	PD45793b_lo0010
Pair11	PD45793	PD45793b_lo0011
Pair11	PD45793	PD45793b_lo0012
Pair11	PD45793	PD45793b_lo0013
Pair11	PD45793	PD45793b_lo0014
Pair11	PD45793	PD45793b_lo0015
Pair11	PD45793	PD45793b_lo0016
Pair11	PD45793	PD45793b_lo0017
Pair11	PD45793	PD45793b_lo0018
Pair11	PD45793	PD45793b_lo0019
Pair11	PD45793	PD45793b_lo0020
Pair11	PD45793	PD45793b_lo0021
Pair11	PD45793	PD45793b_lo0022
Pair11	PD45793	PD45793b_lo0023
Pair11	PD45793	PD45793b_lo0024
Pair11	PD45793	PD45793b_lo0025
Pair11	PD45793	PD45793b_lo0026
Pair11	PD45793	PD45793b_lo0027
Pair11	PD45793	PD45793b_lo0028
Pair11	PD45793	PD45793b_lo0029
Pair11	PD45793	PD45793b_lo0030
Pair11	PD45793	PD45793b_lo0031
Pair11	PD45793	PD45793b_lo0032
Pair11	PD45793	PD45793b_lo0034
Pair11	PD45793	PD45793b_lo0035
Pair11	PD45793	PD45793b_lo0036
Pair11	PD45793	PD45793b_lo0038
Pair11	PD45793	PD45793b_lo0039
Pair11	PD45793	PD45793b_lo0040
Pair11	PD45793	PD45793b_lo0041
Pair11	PD45793	PD45793b_lo0042
Pair11	PD45793	PD45793b_lo0043
Pair11	PD45793	PD45793b_lo0046
Pair11	PD45793	PD45793b_lo0049
Pair11	PD45793	PD45793b_lo0052
Pair11	PD45793	PD45793b_lo0053
Pair11	PD45793	PD45793b_lo0054
Pair11	PD45793	PD45793b_lo0057
Pair11	PD45793	PD45793b_lo0058
Pair11	PD45793	PD45793b_lo0059
Pair11	PD45793	PD45793b_lo0060
Pair11	PD45793	PD45793b_lo0061
Pair11	PD45793	PD45793b_lo0062
Pair11	PD45793	PD45793b_lo0064
Pair11	PD45793	PD45793b_lo0066
Pair11	PD45793	PD45793b_lo0067
Pair11	PD45793	PD45793b_lo0068
Pair11	PD45793	PD45793b_lo0069
Pair11	PD45793	PD45793b_lo0070
Pair11	PD45793	PD45793b_lo0071
Pair11	PD45793	PD45793b_lo0073
Pair11	PD45793	PD45793b_lo0075
Pair11	PD45793	PD45793b_lo0076
Pair11	PD45793	PD45793b_lo0077
Pair11	PD45793	PD45793b_lo0078
Pair11	PD45793	PD45793b_lo0080
Pair11	PD45793	PD45793b_lo0082
Pair11	PD45793	PD45793b_lo0083
Pair11	PD45793	PD45793b_lo0084
Pair11	PD45793	PD45793b_lo0085
Pair11	PD45793	PD45793b_lo0086
Pair11	PD45793	PD45793b_lo0088
Pair11	PD45793	PD45793b_lo0089
Pair11	PD45793	PD45793b_lo0091
Pair11	PD45793	PD45793b_lo0092
Pair11	PD45793	PD45793b_lo0097
Pair11	PD45793	PD45793b_lo0099
Pair11	PD45793	PD45793b_lo0102
Pair11	PD45793	PD45793b_lo0106
Pair11	PD45793	PD45793b_lo0108
Pair11	PD45793	PD45793b_lo0109
Pair11	PD45793	PD45793b_lo0110
Pair11	PD45793	PD45793b_lo0111
Pair11	PD45793	PD45793b_lo0112
Pair11	PD45793	PD45793b_lo0114
Pair11	PD45793	PD45793b_lo0115
Pair11	PD45793	PD45793b_lo0116
Pair11	PD45793	PD45793b_lo0117
Pair11	PD45793	PD45793b_lo0118
Pair11	PD45793	PD45793b_lo0121
Pair11	PD45793	PD45793b_lo0123
Pair11	PD45793	PD45793b_lo0125
Pair11	PD45793	PD45793b_lo0127
Pair11	PD45793	PD45793b_lo0128
Pair11	PD45793	PD45793b_lo0130
Pair11	PD45793	PD45793b_lo0131
Pair11	PD45793	PD45793b_lo0132
Pair11	PD45793	PD45793b_lo0134
Pair11	PD45793	PD45793b_lo0135
Pair11	PD45793	PD45793b_lo0138
Pair11	PD45793	PD45793b_lo0139
Pair11	PD45793	PD45793b_lo0140
Pair11	PD45793	PD45793b_lo0141
Pair11	PD45793	PD45793b_lo0142
Pair11	PD45793	PD45793b_lo0144
Pair11	PD45793	PD45793b_lo0147
Pair11	PD45793	PD45793b_lo0148
Pair11	PD45793	PD45793b_lo0149
Pair11	PD45793	PD45793b_lo0152
Pair11	PD45793	PD45793b_lo0153
Pair11	PD45793	PD45793b_lo0155
Pair11	PD45793	PD45793b_lo0159
Pair11	PD45793	PD45793b_lo0161
Pair11	PD45793	PD45793b_lo0163
Pair11	PD45793	PD45793b_lo0164
Pair11	PD45793	PD45793b_lo0166
Pair11	PD45793	PD45793b_lo0170
Pair11	PD45793	PD45793b_lo0174
Pair11	PD45793	PD45793b_lo0182
Pair11	PD45793	PD45793b_lo0184
Pair11	PD45793	PD45793b_lo0186
Pair11	PD45793	PD45793b_lo0187
Pair11	PD45793	PD45793b_lo0190
Pair11	PD45793	PD45793b_lo0191
Pair11	PD45793	PD45793b_lo0192
Pair11	PD45793	PD45793b_lo0193
Pair11	PD45793	PD45793b_lo0194
Pair11	PD45793	PD45793b_lo0195
Pair11	PD45793	PD45793b_lo0196
Pair11	PD45793	PD45793b_lo0197
Pair11	PD45793	PD45793b_lo0202
Pair11	PD45793	PD45793b_lo0203
Pair11	PD45793	PD45793b_lo0206
Pair11	PD45793	PD45793b_lo0210
Pair11	PD45793	PD45793b_lo0218
Pair11	PD45793	PD45793b_lo0219
Pair11	PD45793	PD45793b_lo0233
Pair11	PD45793	PD45793b_lo0235
Pair11	PD45793	PD45793b_lo0237
Pair11	PD45793	PD45793b_lo0242
Pair11	PD45793	PD45793b_lo0244
Pair11	PD45793	PD45793b_lo0247
Pair11	PD45793	PD45793b_lo0251
Pair11	PD45793	PD45793b_lo0262
Pair11	PD45793	PD45793b_lo0267
Pair11	PD45793	PD45793b_lo0283
Pair11	PD45793	PD45793b_lo0286
Pair11	PD45793	PD45793b_lo0287
Pair11	PD45793	PD45793b_lo0288
Pair13	PD45794	PD45794b_lo0001
Pair13	PD45794	PD45794b_lo0002
Pair13	PD45794	PD45794b_lo0004
Pair13	PD45794	PD45794b_lo0006
Pair13	PD45794	PD45794b_lo0007
Pair13	PD45794	PD45794b_lo0008
Pair13	PD45794	PD45794b_lo0009
Pair13	PD45794	PD45794b_lo0010
Pair13	PD45794	PD45794b_lo0011
Pair13	PD45794	PD45794b_lo0013
Pair13	PD45794	PD45794b_lo0014
Pair13	PD45794	PD45794b_lo0017
Pair13	PD45794	PD45794b_lo0018
Pair13	PD45794	PD45794b_lo0019
Pair13	PD45794	PD45794b_lo0021
Pair13	PD45794	PD45794b_lo0025
Pair13	PD45794	PD45794b_lo0027
Pair13	PD45794	PD45794b_lo0028
Pair13	PD45794	PD45794b_lo0029
Pair13	PD45794	PD45794b_lo0031
Pair13	PD45794	PD45794b_lo0032
Pair13	PD45794	PD45794b_lo0034
Pair13	PD45794	PD45794b_lo0035
Pair13	PD45794	PD45794b_lo0036
Pair13	PD45794	PD45794b_lo0037
Pair13	PD45794	PD45794b_lo0038
Pair13	PD45794	PD45794b_lo0039
Pair13	PD45794	PD45794b_lo0040
Pair13	PD45794	PD45794b_lo0041
Pair13	PD45794	PD45794b_lo0043
Pair13	PD45794	PD45794b_lo0044
Pair13	PD45794	PD45794b_lo0045
Pair13	PD45794	PD45794b_lo0048
Pair13	PD45794	PD45794b_lo0049
Pair13	PD45794	PD45794b_lo0050
Pair13	PD45794	PD45794b_lo0051
Pair13	PD45794	PD45794b_lo0053
Pair13	PD45794	PD45794b_lo0054
Pair13	PD45794	PD45794b_lo0055
Pair13	PD45794	PD45794b_lo0057
Pair13	PD45794	PD45794b_lo0058
Pair13	PD45794	PD45794b_lo0059
Pair13	PD45794	PD45794b_lo0060
Pair13	PD45794	PD45794b_lo0061
Pair13	PD45794	PD45794b_lo0062
Pair13	PD45794	PD45794b_lo0063
Pair13	PD45794	PD45794b_lo0064
Pair13	PD45794	PD45794b_lo0067
Pair13	PD45794	PD45794b_lo0289
Pair13	PD45794	PD45794b_lo0290
Pair13	PD45794	PD45794b_lo0292
Pair13	PD45794	PD45794b_lo0293
Pair13	PD45794	PD45794b_lo0294
Pair13	PD45794	PD45794b_lo0295
Pair13	PD45794	PD45794b_lo0296
Pair13	PD45794	PD45794b_lo0297
Pair13	PD45794	PD45794b_lo0298
Pair13	PD45794	PD45794b_lo0299
Pair13	PD45794	PD45794b_lo0300
Pair13	PD45794	PD45794b_lo0301
Pair13	PD45794	PD45794b_lo0302
Pair13	PD45794	PD45794b_lo0303
Pair13	PD45794	PD45794b_lo0304
Pair13	PD45794	PD45794b_lo0306
Pair13	PD45794	PD45794b_lo0307
Pair13	PD45794	PD45794b_lo0308
Pair13	PD45794	PD45794b_lo0310
Pair13	PD45794	PD45794b_lo0311
Pair13	PD45794	PD45794b_lo0313
Pair13	PD45794	PD45794b_lo0316
Pair13	PD45794	PD45794b_lo0317
Pair13	PD45794	PD45794b_lo0318
Pair13	PD45794	PD45794b_lo0320
Pair13	PD45794	PD45794b_lo0323
Pair13	PD45794	PD45794b_lo0324
Pair13	PD45794	PD45794b_lo0332
Pair13	PD45794	PD45794b_lo0336
Pair13	PD45794	PD45794b_lo0341
Pair13	PD45794	PD45794b_lo0342
Pair13	PD45794	PD45794b_lo0343
Pair13	PD45794	PD45794b_lo0347
Pair13	PD45794	PD45794b_lo0348
Pair13	PD45794	PD45794b_lo0349
Pair13	PD45794	PD45794b_lo0350
Pair13	PD45794	PD45794b_lo0351
Pair13	PD45794	PD45794b_lo0352
Pair13	PD45794	PD45794b_lo0353
Pair13	PD45794	PD45794b_lo0354
Pair13	PD45794	PD45794b_lo0357
Pair13	PD45794	PD45794b_lo0358
Pair13	PD45794	PD45794b_lo0361
Pair13	PD45794	PD45794b_lo0362
Pair13	PD45794	PD45794b_lo0365
Pair13	PD45794	PD45794b_lo0367
Pair13	PD45794	PD45794b_lo0369
Pair13	PD45794	PD45794b_lo0370
Pair13	PD45794	PD45794b_lo0371
Pair13	PD45794	PD45794b_lo0372
Pair13	PD45794	PD45794b_lo0374
Pair13	PD45794	PD45794b_lo0375
Pair13	PD45794	PD45794b_lo0376
Pair13	PD45794	PD45794b_lo0377
Pair13	PD45794	PD45794b_lo0379
Pair13	PD45794	PD45794b_lo0384
Pair13	PD45795	PD45795b_lo0004
Pair13	PD45795	PD45795b_lo0005
Pair13	PD45795	PD45795b_lo0007
Pair13	PD45795	PD45795b_lo0010
Pair13	PD45795	PD45795b_lo0011
Pair13	PD45795	PD45795b_lo0012
Pair13	PD45795	PD45795b_lo0013
Pair13	PD45795	PD45795b_lo0017
Pair13	PD45795	PD45795b_lo0018
Pair13	PD45795	PD45795b_lo0019
Pair13	PD45795	PD45795b_lo0020
Pair13	PD45795	PD45795b_lo0021
Pair13	PD45795	PD45795b_lo0022
Pair13	PD45795	PD45795b_lo0023
Pair13	PD45795	PD45795b_lo0024
Pair13	PD45795	PD45795b_lo0026
Pair13	PD45795	PD45795b_lo0028
Pair13	PD45795	PD45795b_lo0029
Pair13	PD45795	PD45795b_lo0031
Pair13	PD45795	PD45795b_lo0032
Pair13	PD45795	PD45795b_lo0034
Pair13	PD45795	PD45795b_lo0036
Pair13	PD45795	PD45795b_lo0037
Pair13	PD45795	PD45795b_lo0039
Pair13	PD45795	PD45795b_lo0042
Pair13	PD45795	PD45795b_lo0043
Pair13	PD45795	PD45795b_lo0045
Pair13	PD45795	PD45795b_lo0046
Pair13	PD45795	PD45795b_lo0047
Pair13	PD45795	PD45795b_lo0048
Pair13	PD45795	PD45795b_lo0049
Pair13	PD45795	PD45795b_lo0050
Pair13	PD45795	PD45795b_lo0053
Pair13	PD45795	PD45795b_lo0054
Pair13	PD45795	PD45795b_lo0055
Pair13	PD45795	PD45795b_lo0058
Pair13	PD45795	PD45795b_lo0060
Pair13	PD45795	PD45795b_lo0063
Pair13	PD45795	PD45795b_lo0064
Pair13	PD45795	PD45795b_lo0066
Pair13	PD45795	PD45795b_lo0068
Pair13	PD45795	PD45795b_lo0070
Pair13	PD45795	PD45795b_lo0074
Pair13	PD45795	PD45795b_lo0075
Pair13	PD45795	PD45795b_lo0076
Pair13	PD45795	PD45795b_lo0078
Pair13	PD45795	PD45795b_lo0081
Pair13	PD45795	PD45795b_lo0082
Pair13	PD45795	PD45795b_lo0083
Pair13	PD45795	PD45795b_lo0085
Pair13	PD45795	PD45795b_lo0087
Pair13	PD45795	PD45795b_lo0088
Pair13	PD45795	PD45795b_lo0090
Pair13	PD45795	PD45795b_lo0091
Pair13	PD45795	PD45795b_lo0093
Pair13	PD45795	PD45795b_lo0094
Pair13	PD45795	PD45795b_lo0096
Pair13	PD45795	PD45795b_lo0097
Pair13	PD45795	PD45795b_lo0098
Pair13	PD45795	PD45795b_lo0099
Pair13	PD45795	PD45795b_lo0100
Pair13	PD45795	PD45795b_lo0101
Pair13	PD45795	PD45795b_lo0103
Pair13	PD45795	PD45795b_lo0105
Pair13	PD45795	PD45795b_lo0106
Pair13	PD45795	PD45795b_lo0108
Pair13	PD45795	PD45795b_lo0109
Pair13	PD45795	PD45795b_lo0110
Pair13	PD45795	PD45795b_lo0111
Pair13	PD45795	PD45795b_lo0114
Pair13	PD45795	PD45795b_lo0115
Pair13	PD45795	PD45795b_lo0116
Pair13	PD45795	PD45795b_lo0117
Pair13	PD45795	PD45795b_lo0119
Pair13	PD45795	PD45795b_lo0120
Pair13	PD45795	PD45795b_lo0121
Pair13	PD45795	PD45795b_lo0123
Pair13	PD45795	PD45795b_lo0124
Pair13	PD45795	PD45795b_lo0125
Pair13	PD45795	PD45795b_lo0127
Pair13	PD45795	PD45795b_lo0128
Pair13	PD45795	PD45795b_lo0129
Pair13	PD45795	PD45795b_lo0130
Pair13	PD45795	PD45795b_lo0131
Pair13	PD45795	PD45795b_lo0132
Pair13	PD45795	PD45795b_lo0133
Pair13	PD45795	PD45795b_lo0135
Pair13	PD45795	PD45795b_lo0136
Pair13	PD45795	PD45795b_lo0140
Pair13	PD45795	PD45795b_lo0141
Pair13	PD45795	PD45795b_lo0144
Pair13	PD45795	PD45795b_lo0145
Pair13	PD45795	PD45795b_lo0147
Pair13	PD45795	PD45795b_lo0148
Pair13	PD45795	PD45795b_lo0151
Pair13	PD45795	PD45795b_lo0152
Pair13	PD45795	PD45795b_lo0153
Pair13	PD45795	PD45795b_lo0155
Pair13	PD45795	PD45795b_lo0156
Pair13	PD45795	PD45795b_lo0157
Pair13	PD45795	PD45795b_lo0164
Pair13	PD45795	PD45795b_lo0168
Pair13	PD45795	PD45795b_lo0169
Pair13	PD45795	PD45795b_lo0170
Pair13	PD45795	PD45795b_lo0171
Pair13	PD45795	PD45795b_lo0173
Pair13	PD45795	PD45795b_lo0174
Pair13	PD45795	PD45795b_lo0179
Pair13	PD45795	PD45795b_lo0180
Pair13	PD45795	PD45795b_lo0182
Pair13	PD45795	PD45795b_lo0183
Pair13	PD45795	PD45795b_lo0185
Pair13	PD45795	PD45795b_lo0186
Pair13	PD45795	PD45795b_lo0188
Pair13	PD45795	PD45795b_lo0189
Pair13	PD45795	PD45795b_lo0192
Pair13	PD45795	PD45795b_lo0193
Pair13	PD45795	PD45795b_lo0196
Pair13	PD45795	PD45795b_lo0197
Pair13	PD45795	PD45795b_lo0198
Pair13	PD45795	PD45795b_lo0199
Pair13	PD45795	PD45795b_lo0200
Pair13	PD45795	PD45795b_lo0201
Pair13	PD45795	PD45795b_lo0202
Pair13	PD45795	PD45795b_lo0203
Pair13	PD45795	PD45795b_lo0205
Pair13	PD45795	PD45795b_lo0206
Pair13	PD45795	PD45795b_lo0207
Pair13	PD45795	PD45795b_lo0208
Pair13	PD45795	PD45795b_lo0209
Pair13	PD45795	PD45795b_lo0210
Pair13	PD45795	PD45795b_lo0212
Pair13	PD45795	PD45795b_lo0213
Pair13	PD45795	PD45795b_lo0214
Pair13	PD45795	PD45795b_lo0215
Pair13	PD45795	PD45795b_lo0216
Pair13	PD45795	PD45795b_lo0219
Pair13	PD45795	PD45795b_lo0220
Pair13	PD45795	PD45795b_lo0221
Pair13	PD45795	PD45795b_lo0222
Pair13	PD45795	PD45795b_lo0223
Pair13	PD45795	PD45795b_lo0224
Pair13	PD45795	PD45795b_lo0227
Pair13	PD45795	PD45795b_lo0228
Pair13	PD45795	PD45795b_lo0229
Pair13	PD45795	PD45795b_lo0230
Pair13	PD45795	PD45795b_lo0231
Pair13	PD45795	PD45795b_lo0232
Pair13	PD45795	PD45795b_lo0233
Pair13	PD45795	PD45795b_lo0236
Pair13	PD45795	PD45795b_lo0237
Pair13	PD45795	PD45795b_lo0238
Pair13	PD45795	PD45795b_lo0239
Pair13	PD45795	PD45795b_lo0240
Pair13	PD45795	PD45795b_lo0241
Pair13	PD45795	PD45795b_lo0242
Pair13	PD45795	PD45795b_lo0243
Pair13	PD45795	PD45795b_lo0244
Pair13	PD45795	PD45795b_lo0245
Pair13	PD45795	PD45795b_lo0246
Pair13	PD45795	PD45795b_lo0247
Pair13	PD45795	PD45795b_lo0248
Pair13	PD45795	PD45795b_lo0249
Pair13	PD45795	PD45795b_lo0250
Pair13	PD45795	PD45795b_lo0251
Pair13	PD45795	PD45795b_lo0252
Pair13	PD45795	PD45795b_lo0254
Pair13	PD45795	PD45795b_lo0255
Pair13	PD45795	PD45795b_lo0257
Pair13	PD45795	PD45795b_lo0258
Pair13	PD45795	PD45795b_lo0259
Pair13	PD45795	PD45795b_lo0260
Pair13	PD45795	PD45795b_lo0261
Pair13	PD45795	PD45795b_lo0262
Pair13	PD45795	PD45795b_lo0263
Pair13	PD45795	PD45795b_lo0264
Pair13	PD45795	PD45795b_lo0265
Pair13	PD45795	PD45795b_lo0266
Pair13	PD45795	PD45795b_lo0267
Pair13	PD45795	PD45795b_lo0268
Pair13	PD45795	PD45795b_lo0269
Pair13	PD45795	PD45795b_lo0270
Pair13	PD45795	PD45795b_lo0272
Pair13	PD45795	PD45795b_lo0273
Pair13	PD45795	PD45795b_lo0276
Pair13	PD45795	PD45795b_lo0277
Pair13	PD45795	PD45795b_lo0278
Pair13	PD45795	PD45795b_lo0279
Pair13	PD45795	PD45795b_lo0280
Pair13	PD45795	PD45795b_lo0282
Pair13	PD45795	PD45795b_lo0283
Pair13	PD45795	PD45795b_lo0284
Pair13	PD45795	PD45795b_lo0286
Pair13	PD45795	PD45795b_lo0287
Pair21	PD45798	PD45798b_lo0001
Pair21	PD45798	PD45798b_lo0002
Pair21	PD45798	PD45798b_lo0003
Pair21	PD45798	PD45798b_lo0004
Pair21	PD45798	PD45798b_lo0005
Pair21	PD45798	PD45798b_lo0007
Pair21	PD45798	PD45798b_lo0008
Pair21	PD45798	PD45798b_lo0009
Pair21	PD45798	PD45798b_lo0011
Pair21	PD45798	PD45798b_lo0015
Pair21	PD45798	PD45798b_lo0017
Pair21	PD45798	PD45798b_lo0020
Pair21	PD45798	PD45798b_lo0021
Pair21	PD45798	PD45798b_lo0022
Pair21	PD45798	PD45798b_lo0023
Pair21	PD45798	PD45798b_lo0024
Pair21	PD45798	PD45798b_lo0025
Pair21	PD45798	PD45798b_lo0026
Pair21	PD45798	PD45798b_lo0027
Pair21	PD45798	PD45798b_lo0028
Pair21	PD45798	PD45798b_lo0030
Pair21	PD45798	PD45798b_lo0032
Pair21	PD45798	PD45798b_lo0033
Pair21	PD45798	PD45798b_lo0035
Pair21	PD45798	PD45798b_lo0036
Pair21	PD45798	PD45798b_lo0037
Pair21	PD45798	PD45798b_lo0038
Pair21	PD45798	PD45798b_lo0039
Pair21	PD45798	PD45798b_lo0043
Pair21	PD45798	PD45798b_lo0044
Pair21	PD45798	PD45798b_lo0046
Pair21	PD45798	PD45798b_lo0047
Pair21	PD45798	PD45798b_lo0048
Pair21	PD45798	PD45798b_lo0050
Pair21	PD45798	PD45798b_lo0051
Pair21	PD45798	PD45798b_lo0052
Pair21	PD45798	PD45798b_lo0054
Pair21	PD45798	PD45798b_lo0055
Pair21	PD45798	PD45798b_lo0056
Pair21	PD45798	PD45798b_lo0057
Pair21	PD45798	PD45798b_lo0058
Pair21	PD45798	PD45798b_lo0059
Pair21	PD45798	PD45798b_lo0060
Pair21	PD45798	PD45798b_lo0061
Pair21	PD45798	PD45798b_lo0062
Pair21	PD45798	PD45798b_lo0063
Pair21	PD45798	PD45798b_lo0064
Pair21	PD45798	PD45798b_lo0065
Pair21	PD45798	PD45798b_lo0066
Pair21	PD45798	PD45798b_lo0067
Pair21	PD45798	PD45798b_lo0070
Pair21	PD45798	PD45798b_lo0072
Pair21	PD45798	PD45798b_lo0073
Pair21	PD45798	PD45798b_lo0074
Pair21	PD45798	PD45798b_lo0076
Pair21	PD45798	PD45798b_lo0077
Pair21	PD45798	PD45798b_lo0078
Pair21	PD45798	PD45798b_lo0079
Pair21	PD45798	PD45798b_lo0080
Pair21	PD45798	PD45798b_lo0082
Pair21	PD45798	PD45798b_lo0083
Pair21	PD45798	PD45798b_lo0084
Pair21	PD45798	PD45798b_lo0086
Pair21	PD45798	PD45798b_lo0087
Pair21	PD45798	PD45798b_lo0088
Pair21	PD45798	PD45798b_lo0089
Pair21	PD45798	PD45798b_lo0090
Pair21	PD45798	PD45798b_lo0091
Pair21	PD45798	PD45798b_lo0092
Pair21	PD45798	PD45798b_lo0093
Pair21	PD45798	PD45798b_lo0094
Pair21	PD45798	PD45798b_lo0095
Pair21	PD45798	PD45798b_lo0096
Pair21	PD45798	PD45798b_lo0098
Pair21	PD45798	PD45798b_lo0099
Pair21	PD45798	PD45798b_lo0100
Pair21	PD45798	PD45798b_lo0103
Pair21	PD45798	PD45798b_lo0105
Pair21	PD45798	PD45798b_lo0107
Pair21	PD45798	PD45798b_lo0108
Pair21	PD45798	PD45798b_lo0109
Pair21	PD45798	PD45798b_lo0110
Pair21	PD45798	PD45798b_lo0111
Pair21	PD45798	PD45798b_lo0112
Pair21	PD45798	PD45798b_lo0113
Pair21	PD45798	PD45798b_lo0114
Pair21	PD45798	PD45798b_lo0116
Pair21	PD45798	PD45798b_lo0117
Pair21	PD45798	PD45798b_lo0118
Pair21	PD45798	PD45798b_lo0120
Pair21	PD45798	PD45798b_lo0121
Pair21	PD45798	PD45798b_lo0122
Pair21	PD45798	PD45798b_lo0126
Pair21	PD45798	PD45798b_lo0127
Pair21	PD45798	PD45798b_lo0128
Pair21	PD45798	PD45798b_lo0130
Pair21	PD45798	PD45798b_lo0131
Pair21	PD45798	PD45798b_lo0132
Pair21	PD45798	PD45798b_lo0135
Pair21	PD45798	PD45798b_lo0136
Pair21	PD45798	PD45798b_lo0137
Pair21	PD45798	PD45798b_lo0138
Pair21	PD45798	PD45798b_lo0139
Pair21	PD45798	PD45798b_lo0142
Pair21	PD45798	PD45798b_lo0143
Pair21	PD45798	PD45798b_lo0145
Pair21	PD45798	PD45798b_lo0147
Pair21	PD45798	PD45798b_lo0148
Pair21	PD45798	PD45798b_lo0149
Pair21	PD45798	PD45798b_lo0150
Pair21	PD45798	PD45798b_lo0151
Pair21	PD45798	PD45798b_lo0154
Pair21	PD45798	PD45798b_lo0156
Pair21	PD45798	PD45798b_lo0157
Pair21	PD45798	PD45798b_lo0159
Pair21	PD45798	PD45798b_lo0161
Pair21	PD45798	PD45798b_lo0162
Pair21	PD45798	PD45798b_lo0163
Pair21	PD45798	PD45798b_lo0164
Pair21	PD45798	PD45798b_lo0165
Pair21	PD45798	PD45798b_lo0166
Pair21	PD45798	PD45798b_lo0167
Pair21	PD45798	PD45798b_lo0168
Pair21	PD45798	PD45798b_lo0169
Pair21	PD45798	PD45798b_lo0172
Pair21	PD45798	PD45798b_lo0173
Pair21	PD45798	PD45798b_lo0174
Pair21	PD45798	PD45798b_lo0175
Pair21	PD45798	PD45798b_lo0176
Pair21	PD45798	PD45798b_lo0178
Pair21	PD45798	PD45798b_lo0179
Pair21	PD45798	PD45798b_lo0180
Pair21	PD45798	PD45798b_lo0181
Pair21	PD45798	PD45798b_lo0183
Pair21	PD45798	PD45798b_lo0184
Pair21	PD45798	PD45798b_lo0185
Pair21	PD45798	PD45798b_lo0186
Pair21	PD45798	PD45798b_lo0187
Pair21	PD45798	PD45798b_lo0188
Pair21	PD45798	PD45798b_lo0189
Pair21	PD45798	PD45798b_lo0191
Pair21	PD45798	PD45798b_lo0192
Pair21	PD45799	PD45799b_lo0001
Pair21	PD45799	PD45799b_lo0002
Pair21	PD45799	PD45799b_lo0004
Pair21	PD45799	PD45799b_lo0005
Pair21	PD45799	PD45799b_lo0007
Pair21	PD45799	PD45799b_lo0008
Pair21	PD45799	PD45799b_lo0009
Pair21	PD45799	PD45799b_lo0010
Pair21	PD45799	PD45799b_lo0011
Pair21	PD45799	PD45799b_lo0013
Pair21	PD45799	PD45799b_lo0015
Pair21	PD45799	PD45799b_lo0016
Pair21	PD45799	PD45799b_lo0018
Pair21	PD45799	PD45799b_lo0019
Pair21	PD45799	PD45799b_lo0020
Pair21	PD45799	PD45799b_lo0021
Pair21	PD45799	PD45799b_lo0023
Pair21	PD45799	PD45799b_lo0024
Pair21	PD45799	PD45799b_lo0028
Pair21	PD45799	PD45799b_lo0030
Pair21	PD45799	PD45799b_lo0031
Pair21	PD45799	PD45799b_lo0032
Pair21	PD45799	PD45799b_lo0033
Pair21	PD45799	PD45799b_lo0034
Pair21	PD45799	PD45799b_lo0035
Pair21	PD45799	PD45799b_lo0036
Pair21	PD45799	PD45799b_lo0038
Pair21	PD45799	PD45799b_lo0039
Pair21	PD45799	PD45799b_lo0042
Pair21	PD45799	PD45799b_lo0043
Pair21	PD45799	PD45799b_lo0045
Pair21	PD45799	PD45799b_lo0047
Pair21	PD45799	PD45799b_lo0048
Pair21	PD45799	PD45799b_lo0049
Pair21	PD45799	PD45799b_lo0050
Pair21	PD45799	PD45799b_lo0052
Pair21	PD45799	PD45799b_lo0055
Pair21	PD45799	PD45799b_lo0056
Pair21	PD45799	PD45799b_lo0058
Pair21	PD45799	PD45799b_lo0059
Pair21	PD45799	PD45799b_lo0060
Pair21	PD45799	PD45799b_lo0062
Pair21	PD45799	PD45799b_lo0063
Pair21	PD45799	PD45799b_lo0065
Pair21	PD45799	PD45799b_lo0066
Pair21	PD45799	PD45799b_lo0067
Pair21	PD45799	PD45799b_lo0068
Pair21	PD45799	PD45799b_lo0069
Pair21	PD45799	PD45799b_lo0070
Pair21	PD45799	PD45799b_lo0071
Pair21	PD45799	PD45799b_lo0072
Pair21	PD45799	PD45799b_lo0073
Pair21	PD45799	PD45799b_lo0074
Pair21	PD45799	PD45799b_lo0075
Pair21	PD45799	PD45799b_lo0076
Pair21	PD45799	PD45799b_lo0077
Pair21	PD45799	PD45799b_lo0078
Pair21	PD45799	PD45799b_lo0079
Pair21	PD45799	PD45799b_lo0080
Pair21	PD45799	PD45799b_lo0082
Pair21	PD45799	PD45799b_lo0083
Pair21	PD45799	PD45799b_lo0085
Pair21	PD45799	PD45799b_lo0087
Pair21	PD45799	PD45799b_lo0088
Pair21	PD45799	PD45799b_lo0089
Pair21	PD45799	PD45799b_lo0090
Pair21	PD45799	PD45799b_lo0091
Pair21	PD45799	PD45799b_lo0096
Pair21	PD45799	PD45799b_lo0097
Pair21	PD45799	PD45799b_lo0099
Pair21	PD45799	PD45799b_lo0102
Pair21	PD45799	PD45799b_lo0103
Pair21	PD45799	PD45799b_lo0104
Pair21	PD45799	PD45799b_lo0106
Pair21	PD45799	PD45799b_lo0109
Pair21	PD45799	PD45799b_lo0110
Pair21	PD45799	PD45799b_lo0111
Pair21	PD45799	PD45799b_lo0113
Pair21	PD45799	PD45799b_lo0114
Pair21	PD45799	PD45799b_lo0116
Pair21	PD45799	PD45799b_lo0117
Pair21	PD45799	PD45799b_lo0120
Pair21	PD45799	PD45799b_lo0122
Pair21	PD45799	PD45799b_lo0126
Pair21	PD45799	PD45799b_lo0127
Pair21	PD45799	PD45799b_lo0128
Pair21	PD45799	PD45799b_lo0130
Pair21	PD45799	PD45799b_lo0136
Pair21	PD45799	PD45799b_lo0137
Pair21	PD45799	PD45799b_lo0143
Pair21	PD45799	PD45799b_lo0144
Pair21	PD45799	PD45799b_lo0145
Pair21	PD45799	PD45799b_lo0151
Pair21	PD45799	PD45799b_lo0152
Pair21	PD45799	PD45799b_lo0153
Pair21	PD45799	PD45799b_lo0154
Pair21	PD45799	PD45799b_lo0160
Pair21	PD45799	PD45799b_lo0161
Pair21	PD45799	PD45799b_lo0163
Pair21	PD45799	PD45799b_lo0166
Pair21	PD45799	PD45799b_lo0167
Pair21	PD45799	PD45799b_lo0168
Pair21	PD45799	PD45799b_lo0169
Pair21	PD45799	PD45799b_lo0170
Pair21	PD45799	PD45799b_lo0171
Pair21	PD45799	PD45799b_lo0174
Pair21	PD45799	PD45799b_lo0175
Pair21	PD45799	PD45799b_lo0176
Pair21	PD45799	PD45799b_lo0177
Pair21	PD45799	PD45799b_lo0179
Pair21	PD45799	PD45799b_lo0183
Pair21	PD45799	PD45799b_lo0184
Pair21	PD45799	PD45799b_lo0185
Pair21	PD45799	PD45799b_lo0187
Pair21	PD45799	PD45799b_lo0188
Pair21	PD45799	PD45799b_lo0189
Pair21	PD45799	PD45799b_lo0192
Pair21	PD45799	PD45799b_lo0193
Pair21	PD45799	PD45799b_lo0194
Pair21	PD45799	PD45799b_lo0195
Pair21	PD45799	PD45799b_lo0196
Pair21	PD45799	PD45799b_lo0197
Pair21	PD45799	PD45799b_lo0198
Pair21	PD45799	PD45799b_lo0199
Pair21	PD45799	PD45799b_lo0201
Pair21	PD45799	PD45799b_lo0209
Pair21	PD45799	PD45799b_lo0210
Pair21	PD45799	PD45799b_lo0213
Pair21	PD45799	PD45799b_lo0214
Pair21	PD45799	PD45799b_lo0215
Pair21	PD45799	PD45799b_lo0216
Pair21	PD45799	PD45799b_lo0217
Pair21	PD45799	PD45799b_lo0218
Pair21	PD45799	PD45799b_lo0219
Pair21	PD45799	PD45799b_lo0220
Pair21	PD45799	PD45799b_lo0221
Pair21	PD45799	PD45799b_lo0222
Pair21	PD45799	PD45799b_lo0224
Pair21	PD45799	PD45799b_lo0227
Pair21	PD45799	PD45799b_lo0228
Pair21	PD45799	PD45799b_lo0229
Pair21	PD45799	PD45799b_lo0231
Pair21	PD45799	PD45799b_lo0232
Pair21	PD45799	PD45799b_lo0233
Pair21	PD45799	PD45799b_lo0234
Pair21	PD45799	PD45799b_lo0235
Pair21	PD45799	PD45799b_lo0236
Pair21	PD45799	PD45799b_lo0237
Pair21	PD45799	PD45799b_lo0238
Pair21	PD45799	PD45799b_lo0240
Pair21	PD45799	PD45799b_lo0241
Pair21	PD45799	PD45799b_lo0242
Pair21	PD45799	PD45799b_lo0243
Pair21	PD45799	PD45799b_lo0244
Pair21	PD45799	PD45799b_lo0245
Pair21	PD45799	PD45799b_lo0246
Pair21	PD45799	PD45799b_lo0247
Pair21	PD45799	PD45799b_lo0248
Pair21	PD45799	PD45799b_lo0250
Pair21	PD45799	PD45799b_lo0251
Pair21	PD45799	PD45799b_lo0252
Pair21	PD45799	PD45799b_lo0253
Pair21	PD45799	PD45799b_lo0254
Pair21	PD45799	PD45799b_lo0255
Pair21	PD45799	PD45799b_lo0257
Pair21	PD45799	PD45799b_lo0258
Pair21	PD45799	PD45799b_lo0259
Pair21	PD45799	PD45799b_lo0260
Pair21	PD45799	PD45799b_lo0261
Pair21	PD45799	PD45799b_lo0262
Pair21	PD45799	PD45799b_lo0263
Pair21	PD45799	PD45799b_lo0264
Pair21	PD45799	PD45799b_lo0265
Pair21	PD45799	PD45799b_lo0266
Pair21	PD45799	PD45799b_lo0267
Pair21	PD45799	PD45799b_lo0268
Pair21	PD45799	PD45799b_lo0270
Pair21	PD45799	PD45799b_lo0271
Pair21	PD45799	PD45799b_lo0272
Pair21	PD45799	PD45799b_lo0273
Pair21	PD45799	PD45799b_lo0274
Pair21	PD45799	PD45799b_lo0275
Pair21	PD45799	PD45799b_lo0276
Pair21	PD45799	PD45799b_lo0277
Pair21	PD45799	PD45799b_lo0278
Pair21	PD45799	PD45799b_lo0279
Pair21	PD45799	PD45799b_lo0280
Pair21	PD45799	PD45799b_lo0281
Pair21	PD45799	PD45799b_lo0282
Pair21	PD45799	PD45799b_lo0283
Pair21	PD45799	PD45799b_lo0284
Pair21	PD45799	PD45799b_lo0285
Pair21	PD45799	PD45799b_lo0286
Pair21	PD45799	PD45799b_lo0287
Pair21	PD45799	PD45799b_lo0288
Pair24	PD45800	PD45800b_lo0002
Pair24	PD45800	PD45800b_lo0003
Pair24	PD45800	PD45800b_lo0004
Pair24	PD45800	PD45800b_lo0008
Pair24	PD45800	PD45800b_lo0009
Pair24	PD45800	PD45800b_lo0010
Pair24	PD45800	PD45800b_lo0011
Pair24	PD45800	PD45800b_lo0012
Pair24	PD45800	PD45800b_lo0013
Pair24	PD45800	PD45800b_lo0014
Pair24	PD45800	PD45800b_lo0015
Pair24	PD45800	PD45800b_lo0016
Pair24	PD45800	PD45800b_lo0018
Pair24	PD45800	PD45800b_lo0019
Pair24	PD45800	PD45800b_lo0020
Pair24	PD45800	PD45800b_lo0021
Pair24	PD45800	PD45800b_lo0022
Pair24	PD45800	PD45800b_lo0023
Pair24	PD45800	PD45800b_lo0024
Pair24	PD45800	PD45800b_lo0025
Pair24	PD45800	PD45800b_lo0027
Pair24	PD45800	PD45800b_lo0028
Pair24	PD45800	PD45800b_lo0029
Pair24	PD45800	PD45800b_lo0030
Pair24	PD45800	PD45800b_lo0032
Pair24	PD45800	PD45800b_lo0033
Pair24	PD45800	PD45800b_lo0034
Pair24	PD45800	PD45800b_lo0035
Pair24	PD45800	PD45800b_lo0036
Pair24	PD45800	PD45800b_lo0037
Pair24	PD45800	PD45800b_lo0038
Pair24	PD45800	PD45800b_lo0039
Pair24	PD45800	PD45800b_lo0040
Pair24	PD45800	PD45800b_lo0041
Pair24	PD45800	PD45800b_lo0042
Pair24	PD45800	PD45800b_lo0044
Pair24	PD45800	PD45800b_lo0045
Pair24	PD45800	PD45800b_lo0046
Pair24	PD45800	PD45800b_lo0047
Pair24	PD45800	PD45800b_lo0048
Pair24	PD45800	PD45800b_lo0049
Pair24	PD45800	PD45800b_lo0050
Pair24	PD45800	PD45800b_lo0051
Pair24	PD45800	PD45800b_lo0053
Pair24	PD45800	PD45800b_lo0054
Pair24	PD45800	PD45800b_lo0056
Pair24	PD45800	PD45800b_lo0058
Pair24	PD45800	PD45800b_lo0059
Pair24	PD45800	PD45800b_lo0060
Pair24	PD45800	PD45800b_lo0061
Pair24	PD45800	PD45800b_lo0063
Pair24	PD45800	PD45800b_lo0064
Pair24	PD45800	PD45800b_lo0066
Pair24	PD45800	PD45800b_lo0067
Pair24	PD45800	PD45800b_lo0069
Pair24	PD45800	PD45800b_lo0070
Pair24	PD45800	PD45800b_lo0071
Pair24	PD45800	PD45800b_lo0072
Pair24	PD45800	PD45800b_lo0074
Pair24	PD45800	PD45800b_lo0075
Pair24	PD45800	PD45800b_lo0076
Pair24	PD45800	PD45800b_lo0077
Pair24	PD45800	PD45800b_lo0078
Pair24	PD45800	PD45800b_lo0079
Pair24	PD45800	PD45800b_lo0080
Pair24	PD45800	PD45800b_lo0082
Pair24	PD45800	PD45800b_lo0085
Pair24	PD45800	PD45800b_lo0086
Pair24	PD45800	PD45800b_lo0087
Pair24	PD45800	PD45800b_lo0089
Pair24	PD45800	PD45800b_lo0090
Pair24	PD45800	PD45800b_lo0091
Pair24	PD45800	PD45800b_lo0093
Pair24	PD45800	PD45800b_lo0094
Pair24	PD45800	PD45800b_lo0095
Pair24	PD45800	PD45800b_lo0097
Pair24	PD45800	PD45800b_lo0098
Pair24	PD45800	PD45800b_lo0099
Pair24	PD45800	PD45800b_lo0100
Pair24	PD45800	PD45800b_lo0102
Pair24	PD45800	PD45800b_lo0103
Pair24	PD45800	PD45800b_lo0104
Pair24	PD45800	PD45800b_lo0105
Pair24	PD45800	PD45800b_lo0106
Pair24	PD45800	PD45800b_lo0107
Pair24	PD45800	PD45800b_lo0108
Pair24	PD45800	PD45800b_lo0109
Pair24	PD45800	PD45800b_lo0110
Pair24	PD45800	PD45800b_lo0111
Pair24	PD45800	PD45800b_lo0112
Pair24	PD45800	PD45800b_lo0113
Pair24	PD45800	PD45800b_lo0114
Pair24	PD45800	PD45800b_lo0115
Pair24	PD45800	PD45800b_lo0116
Pair24	PD45800	PD45800b_lo0117
Pair24	PD45800	PD45800b_lo0118
Pair24	PD45800	PD45800b_lo0119
Pair24	PD45800	PD45800b_lo0120
Pair24	PD45800	PD45800b_lo0122
Pair24	PD45800	PD45800b_lo0123
Pair24	PD45800	PD45800b_lo0124
Pair24	PD45800	PD45800b_lo0125
Pair24	PD45800	PD45800b_lo0126
Pair24	PD45800	PD45800b_lo0127
Pair24	PD45800	PD45800b_lo0128
Pair24	PD45800	PD45800b_lo0129
Pair24	PD45800	PD45800b_lo0130
Pair24	PD45800	PD45800b_lo0131
Pair24	PD45800	PD45800b_lo0132
Pair24	PD45800	PD45800b_lo0133
Pair24	PD45800	PD45800b_lo0134
Pair24	PD45800	PD45800b_lo0135
Pair24	PD45800	PD45800b_lo0136
Pair24	PD45800	PD45800b_lo0137
Pair24	PD45800	PD45800b_lo0138
Pair24	PD45800	PD45800b_lo0140
Pair24	PD45800	PD45800b_lo0141
Pair24	PD45800	PD45800b_lo0142
Pair24	PD45800	PD45800b_lo0143
Pair24	PD45800	PD45800b_lo0145
Pair24	PD45800	PD45800b_lo0146
Pair24	PD45800	PD45800b_lo0147
Pair24	PD45800	PD45800b_lo0148
Pair24	PD45800	PD45800b_lo0149
Pair24	PD45800	PD45800b_lo0150
Pair24	PD45800	PD45800b_lo0151
Pair24	PD45800	PD45800b_lo0152
Pair24	PD45800	PD45800b_lo0153
Pair24	PD45800	PD45800b_lo0154
Pair24	PD45800	PD45800b_lo0155
Pair24	PD45800	PD45800b_lo0157
Pair24	PD45800	PD45800b_lo0159
Pair24	PD45800	PD45800b_lo0160
Pair24	PD45800	PD45800b_lo0161
Pair24	PD45800	PD45800b_lo0162
Pair24	PD45800	PD45800b_lo0163
Pair24	PD45800	PD45800b_lo0164
Pair24	PD45800	PD45800b_lo0165
Pair24	PD45800	PD45800b_lo0167
Pair24	PD45800	PD45800b_lo0168
Pair24	PD45800	PD45800b_lo0169
Pair24	PD45800	PD45800b_lo0170
Pair24	PD45800	PD45800b_lo0171
Pair24	PD45800	PD45800b_lo0172
Pair24	PD45800	PD45800b_lo0173
Pair24	PD45800	PD45800b_lo0174
Pair24	PD45800	PD45800b_lo0175
Pair24	PD45800	PD45800b_lo0176
Pair24	PD45800	PD45800b_lo0177
Pair24	PD45800	PD45800b_lo0178
Pair24	PD45800	PD45800b_lo0179
Pair24	PD45800	PD45800b_lo0180
Pair24	PD45800	PD45800b_lo0181
Pair24	PD45800	PD45800b_lo0182
Pair24	PD45800	PD45800b_lo0183
Pair24	PD45800	PD45800b_lo0184
Pair24	PD45800	PD45800b_lo0185
Pair24	PD45800	PD45800b_lo0186
Pair24	PD45800	PD45800b_lo0187
Pair24	PD45800	PD45800b_lo0188
Pair24	PD45800	PD45800b_lo0189
Pair24	PD45800	PD45800b_lo0190
Pair24	PD45800	PD45800b_lo0191
Pair24	PD45801	PD45801b_lo0001
Pair24	PD45801	PD45801b_lo0002
Pair24	PD45801	PD45801b_lo0004
Pair24	PD45801	PD45801b_lo0005
Pair24	PD45801	PD45801b_lo0006
Pair24	PD45801	PD45801b_lo0007
Pair24	PD45801	PD45801b_lo0008
Pair24	PD45801	PD45801b_lo0009
Pair24	PD45801	PD45801b_lo0010
Pair24	PD45801	PD45801b_lo0011
Pair24	PD45801	PD45801b_lo0012
Pair24	PD45801	PD45801b_lo0013
Pair24	PD45801	PD45801b_lo0014
Pair24	PD45801	PD45801b_lo0015
Pair24	PD45801	PD45801b_lo0016
Pair24	PD45801	PD45801b_lo0017
Pair24	PD45801	PD45801b_lo0018
Pair24	PD45801	PD45801b_lo0019
Pair24	PD45801	PD45801b_lo0020
Pair24	PD45801	PD45801b_lo0021
Pair24	PD45801	PD45801b_lo0022
Pair24	PD45801	PD45801b_lo0023
Pair24	PD45801	PD45801b_lo0024
Pair24	PD45801	PD45801b_lo0026
Pair24	PD45801	PD45801b_lo0027
Pair24	PD45801	PD45801b_lo0028
Pair24	PD45801	PD45801b_lo0029
Pair24	PD45801	PD45801b_lo0030
Pair24	PD45801	PD45801b_lo0031
Pair24	PD45801	PD45801b_lo0032
Pair24	PD45801	PD45801b_lo0033
Pair24	PD45801	PD45801b_lo0034
Pair24	PD45801	PD45801b_lo0035
Pair24	PD45801	PD45801b_lo0036
Pair24	PD45801	PD45801b_lo0037
Pair24	PD45801	PD45801b_lo0038
Pair24	PD45801	PD45801b_lo0039
Pair24	PD45801	PD45801b_lo0040
Pair24	PD45801	PD45801b_lo0041
Pair24	PD45801	PD45801b_lo0042
Pair24	PD45801	PD45801b_lo0043
Pair24	PD45801	PD45801b_lo0044
Pair24	PD45801	PD45801b_lo0045
Pair24	PD45801	PD45801b_lo0046
Pair24	PD45801	PD45801b_lo0047
Pair24	PD45801	PD45801b_lo0048
Pair24	PD45801	PD45801b_lo0049
Pair24	PD45801	PD45801b_lo0050
Pair24	PD45801	PD45801b_lo0051
Pair24	PD45801	PD45801b_lo0052
Pair24	PD45801	PD45801b_lo0054
Pair24	PD45801	PD45801b_lo0055
Pair24	PD45801	PD45801b_lo0056
Pair24	PD45801	PD45801b_lo0057
Pair24	PD45801	PD45801b_lo0059
Pair24	PD45801	PD45801b_lo0062
Pair24	PD45801	PD45801b_lo0063
Pair24	PD45801	PD45801b_lo0064
Pair24	PD45801	PD45801b_lo0065
Pair24	PD45801	PD45801b_lo0066
Pair24	PD45801	PD45801b_lo0067
Pair24	PD45801	PD45801b_lo0068
Pair24	PD45801	PD45801b_lo0069
Pair24	PD45801	PD45801b_lo0070
Pair24	PD45801	PD45801b_lo0071
Pair24	PD45801	PD45801b_lo0072
Pair24	PD45801	PD45801b_lo0073
Pair24	PD45801	PD45801b_lo0074
Pair24	PD45801	PD45801b_lo0075
Pair24	PD45801	PD45801b_lo0076
Pair24	PD45801	PD45801b_lo0077
Pair24	PD45801	PD45801b_lo0078
Pair24	PD45801	PD45801b_lo0079
Pair24	PD45801	PD45801b_lo0080
Pair24	PD45801	PD45801b_lo0082
Pair24	PD45801	PD45801b_lo0083
Pair24	PD45801	PD45801b_lo0084
Pair24	PD45801	PD45801b_lo0086
Pair24	PD45801	PD45801b_lo0087
Pair24	PD45801	PD45801b_lo0088
Pair24	PD45801	PD45801b_lo0089
Pair24	PD45801	PD45801b_lo0090
Pair24	PD45801	PD45801b_lo0091
Pair24	PD45801	PD45801b_lo0092
Pair24	PD45801	PD45801b_lo0093
Pair24	PD45801	PD45801b_lo0094
Pair24	PD45801	PD45801b_lo0095
Pair24	PD45801	PD45801b_lo0096
Pair24	PD45801	PD45801b_lo0097
Pair24	PD45801	PD45801b_lo0098
Pair24	PD45801	PD45801b_lo0099
Pair24	PD45801	PD45801b_lo0100
Pair24	PD45801	PD45801b_lo0101
Pair24	PD45801	PD45801b_lo0102
Pair24	PD45801	PD45801b_lo0103
Pair24	PD45801	PD45801b_lo0104
Pair24	PD45801	PD45801b_lo0106
Pair24	PD45801	PD45801b_lo0107
Pair24	PD45801	PD45801b_lo0108
Pair24	PD45801	PD45801b_lo0109
Pair24	PD45801	PD45801b_lo0110
Pair24	PD45801	PD45801b_lo0111
Pair24	PD45801	PD45801b_lo0112
Pair24	PD45801	PD45801b_lo0113
Pair24	PD45801	PD45801b_lo0114
Pair24	PD45801	PD45801b_lo0115
Pair24	PD45801	PD45801b_lo0116
Pair24	PD45801	PD45801b_lo0117
Pair24	PD45801	PD45801b_lo0118
Pair24	PD45801	PD45801b_lo0119
Pair24	PD45801	PD45801b_lo0120
Pair24	PD45801	PD45801b_lo0121
Pair24	PD45801	PD45801b_lo0124
Pair24	PD45801	PD45801b_lo0125
Pair24	PD45801	PD45801b_lo0126
Pair24	PD45801	PD45801b_lo0127
Pair24	PD45801	PD45801b_lo0128
Pair24	PD45801	PD45801b_lo0129
Pair24	PD45801	PD45801b_lo0130
Pair24	PD45801	PD45801b_lo0131
Pair24	PD45801	PD45801b_lo0132
Pair24	PD45801	PD45801b_lo0133
Pair24	PD45801	PD45801b_lo0134
Pair24	PD45801	PD45801b_lo0135
Pair24	PD45801	PD45801b_lo0136
Pair24	PD45801	PD45801b_lo0137
Pair24	PD45801	PD45801b_lo0138
Pair24	PD45801	PD45801b_lo0139
Pair24	PD45801	PD45801b_lo0140
Pair24	PD45801	PD45801b_lo0141
Pair24	PD45801	PD45801b_lo0142
Pair24	PD45801	PD45801b_lo0143
Pair24	PD45801	PD45801b_lo0144
Pair24	PD45801	PD45801b_lo0146
Pair24	PD45801	PD45801b_lo0148
Pair24	PD45801	PD45801b_lo0149
Pair24	PD45801	PD45801b_lo0150
Pair24	PD45801	PD45801b_lo0151
Pair24	PD45801	PD45801b_lo0152
Pair24	PD45801	PD45801b_lo0153
Pair24	PD45801	PD45801b_lo0155
Pair24	PD45801	PD45801b_lo0156
Pair24	PD45801	PD45801b_lo0157
Pair24	PD45801	PD45801b_lo0158
Pair24	PD45801	PD45801b_lo0159
Pair24	PD45801	PD45801b_lo0160
Pair24	PD45801	PD45801b_lo0161
Pair24	PD45801	PD45801b_lo0162
Pair24	PD45801	PD45801b_lo0163
Pair24	PD45801	PD45801b_lo0164
Pair24	PD45801	PD45801b_lo0165
Pair24	PD45801	PD45801b_lo0166
Pair24	PD45801	PD45801b_lo0168
Pair24	PD45801	PD45801b_lo0169
Pair24	PD45801	PD45801b_lo0170
Pair24	PD45801	PD45801b_lo0171
Pair24	PD45801	PD45801b_lo0172
Pair24	PD45801	PD45801b_lo0173
Pair24	PD45801	PD45801b_lo0174
Pair24	PD45801	PD45801b_lo0175
Pair24	PD45801	PD45801b_lo0176
Pair24	PD45801	PD45801b_lo0177
Pair24	PD45801	PD45801b_lo0178
Pair24	PD45801	PD45801b_lo0179
Pair24	PD45801	PD45801b_lo0181
Pair24	PD45801	PD45801b_lo0182
Pair24	PD45801	PD45801b_lo0184
Pair24	PD45801	PD45801b_lo0186
Pair24	PD45801	PD45801b_lo0187
Pair24	PD45801	PD45801b_lo0188
Pair24	PD45801	PD45801b_lo0189
Pair24	PD45801	PD45801b_lo0190
Pair24	PD45801	PD45801b_lo0191
Pair24	PD45801	PD45801b_lo0192
Pair25	PD45802	PD45802b_lo0001
Pair25	PD45802	PD45802b_lo0002
Pair25	PD45802	PD45802b_lo0003
Pair25	PD45802	PD45802b_lo0005
Pair25	PD45802	PD45802b_lo0006
Pair25	PD45802	PD45802b_lo0007
Pair25	PD45802	PD45802b_lo0008
Pair25	PD45802	PD45802b_lo0009
Pair25	PD45802	PD45802b_lo0010
Pair25	PD45802	PD45802b_lo0012
Pair25	PD45802	PD45802b_lo0013
Pair25	PD45802	PD45802b_lo0014
Pair25	PD45802	PD45802b_lo0016
Pair25	PD45802	PD45802b_lo0019
Pair25	PD45802	PD45802b_lo0021
Pair25	PD45802	PD45802b_lo0022
Pair25	PD45802	PD45802b_lo0023
Pair25	PD45802	PD45802b_lo0024
Pair25	PD45802	PD45802b_lo0025
Pair25	PD45802	PD45802b_lo0026
Pair25	PD45802	PD45802b_lo0027
Pair25	PD45802	PD45802b_lo0028
Pair25	PD45802	PD45802b_lo0029
Pair25	PD45802	PD45802b_lo0030
Pair25	PD45802	PD45802b_lo0031
Pair25	PD45802	PD45802b_lo0032
Pair25	PD45802	PD45802b_lo0033
Pair25	PD45802	PD45802b_lo0034
Pair25	PD45802	PD45802b_lo0035
Pair25	PD45802	PD45802b_lo0036
Pair25	PD45802	PD45802b_lo0037
Pair25	PD45802	PD45802b_lo0038
Pair25	PD45802	PD45802b_lo0039
Pair25	PD45802	PD45802b_lo0040
Pair25	PD45802	PD45802b_lo0041
Pair25	PD45802	PD45802b_lo0042
Pair25	PD45802	PD45802b_lo0043
Pair25	PD45802	PD45802b_lo0044
Pair25	PD45802	PD45802b_lo0045
Pair25	PD45802	PD45802b_lo0046
Pair25	PD45802	PD45802b_lo0048
Pair25	PD45802	PD45802b_lo0049
Pair25	PD45802	PD45802b_lo0050
Pair25	PD45802	PD45802b_lo0051
Pair25	PD45802	PD45802b_lo0052
Pair25	PD45802	PD45802b_lo0053
Pair25	PD45802	PD45802b_lo0054
Pair25	PD45802	PD45802b_lo0058
Pair25	PD45802	PD45802b_lo0059
Pair25	PD45802	PD45802b_lo0060
Pair25	PD45802	PD45802b_lo0061
Pair25	PD45802	PD45802b_lo0062
Pair25	PD45802	PD45802b_lo0064
Pair25	PD45802	PD45802b_lo0065
Pair25	PD45802	PD45802b_lo0066
Pair25	PD45802	PD45802b_lo0067
Pair25	PD45802	PD45802b_lo0068
Pair25	PD45802	PD45802b_lo0069
Pair25	PD45802	PD45802b_lo0070
Pair25	PD45802	PD45802b_lo0071
Pair25	PD45802	PD45802b_lo0073
Pair25	PD45802	PD45802b_lo0074
Pair25	PD45802	PD45802b_lo0075
Pair25	PD45802	PD45802b_lo0076
Pair25	PD45802	PD45802b_lo0077
Pair25	PD45802	PD45802b_lo0078
Pair25	PD45802	PD45802b_lo0080
Pair25	PD45802	PD45802b_lo0082
Pair25	PD45802	PD45802b_lo0083
Pair25	PD45802	PD45802b_lo0084
Pair25	PD45802	PD45802b_lo0086
Pair25	PD45802	PD45802b_lo0087
Pair25	PD45802	PD45802b_lo0088
Pair25	PD45802	PD45802b_lo0089
Pair25	PD45802	PD45802b_lo0090
Pair25	PD45802	PD45802b_lo0091
Pair25	PD45802	PD45802b_lo0092
Pair25	PD45802	PD45802b_lo0094
Pair25	PD45802	PD45802b_lo0095
Pair25	PD45802	PD45802b_lo0096
Pair25	PD45802	PD45802b_lo0097
Pair25	PD45802	PD45802b_lo0100
Pair25	PD45802	PD45802b_lo0101
Pair25	PD45802	PD45802b_lo0102
Pair25	PD45802	PD45802b_lo0104
Pair25	PD45802	PD45802b_lo0105
Pair25	PD45802	PD45802b_lo0106
Pair25	PD45802	PD45802b_lo0107
Pair25	PD45802	PD45802b_lo0108
Pair25	PD45802	PD45802b_lo0110
Pair25	PD45802	PD45802b_lo0111
Pair25	PD45802	PD45802b_lo0112
Pair25	PD45802	PD45802b_lo0113
Pair25	PD45802	PD45802b_lo0114
Pair25	PD45802	PD45802b_lo0115
Pair25	PD45802	PD45802b_lo0116
Pair25	PD45802	PD45802b_lo0117
Pair25	PD45802	PD45802b_lo0118
Pair25	PD45802	PD45802b_lo0119
Pair25	PD45802	PD45802b_lo0121
Pair25	PD45802	PD45802b_lo0122
Pair25	PD45802	PD45802b_lo0123
Pair25	PD45802	PD45802b_lo0124
Pair25	PD45802	PD45802b_lo0125
Pair25	PD45802	PD45802b_lo0126
Pair25	PD45802	PD45802b_lo0127
Pair25	PD45802	PD45802b_lo0130
Pair25	PD45802	PD45802b_lo0131
Pair25	PD45802	PD45802b_lo0132
Pair25	PD45802	PD45802b_lo0133
Pair25	PD45802	PD45802b_lo0134
Pair25	PD45802	PD45802b_lo0135
Pair25	PD45802	PD45802b_lo0136
Pair25	PD45802	PD45802b_lo0137
Pair25	PD45802	PD45802b_lo0138
Pair25	PD45802	PD45802b_lo0139
Pair25	PD45802	PD45802b_lo0140
Pair25	PD45802	PD45802b_lo0141
Pair25	PD45802	PD45802b_lo0143
Pair25	PD45802	PD45802b_lo0145
Pair25	PD45802	PD45802b_lo0146
Pair25	PD45802	PD45802b_lo0147
Pair25	PD45802	PD45802b_lo0148
Pair25	PD45802	PD45802b_lo0150
Pair25	PD45802	PD45802b_lo0151
Pair25	PD45802	PD45802b_lo0154
Pair25	PD45802	PD45802b_lo0155
Pair25	PD45802	PD45802b_lo0156
Pair25	PD45802	PD45802b_lo0157
Pair25	PD45802	PD45802b_lo0158
Pair25	PD45802	PD45802b_lo0159
Pair25	PD45802	PD45802b_lo0160
Pair25	PD45802	PD45802b_lo0163
Pair25	PD45802	PD45802b_lo0166
Pair25	PD45802	PD45802b_lo0167
Pair25	PD45802	PD45802b_lo0168
Pair25	PD45802	PD45802b_lo0169
Pair25	PD45802	PD45802b_lo0170
Pair25	PD45802	PD45802b_lo0171
Pair25	PD45802	PD45802b_lo0172
Pair25	PD45802	PD45802b_lo0173
Pair25	PD45802	PD45802b_lo0174
Pair25	PD45802	PD45802b_lo0175
Pair25	PD45802	PD45802b_lo0176
Pair25	PD45802	PD45802b_lo0177
Pair25	PD45802	PD45802b_lo0178
Pair25	PD45802	PD45802b_lo0179
Pair25	PD45802	PD45802b_lo0180
Pair25	PD45802	PD45802b_lo0181
Pair25	PD45802	PD45802b_lo0182
Pair25	PD45802	PD45802b_lo0183
Pair25	PD45802	PD45802b_lo0184
Pair25	PD45802	PD45802b_lo0185
Pair25	PD45802	PD45802b_lo0191
Pair25	PD45802	PD45802b_lo0192
Pair25	PD45803	PD45803b_lo0001
Pair25	PD45803	PD45803b_lo0002
Pair25	PD45803	PD45803b_lo0005
Pair25	PD45803	PD45803b_lo0006
Pair25	PD45803	PD45803b_lo0007
Pair25	PD45803	PD45803b_lo0008
Pair25	PD45803	PD45803b_lo0010
Pair25	PD45803	PD45803b_lo0011
Pair25	PD45803	PD45803b_lo0012
Pair25	PD45803	PD45803b_lo0013
Pair25	PD45803	PD45803b_lo0014
Pair25	PD45803	PD45803b_lo0015
Pair25	PD45803	PD45803b_lo0016
Pair25	PD45803	PD45803b_lo0017
Pair25	PD45803	PD45803b_lo0018
Pair25	PD45803	PD45803b_lo0019
Pair25	PD45803	PD45803b_lo0021
Pair25	PD45803	PD45803b_lo0022
Pair25	PD45803	PD45803b_lo0023
Pair25	PD45803	PD45803b_lo0026
Pair25	PD45803	PD45803b_lo0027
Pair25	PD45803	PD45803b_lo0029
Pair25	PD45803	PD45803b_lo0032
Pair25	PD45803	PD45803b_lo0033
Pair25	PD45803	PD45803b_lo0037
Pair25	PD45803	PD45803b_lo0038
Pair25	PD45803	PD45803b_lo0039
Pair25	PD45803	PD45803b_lo0040
Pair25	PD45803	PD45803b_lo0041
Pair25	PD45803	PD45803b_lo0042
Pair25	PD45803	PD45803b_lo0047
Pair25	PD45803	PD45803b_lo0048
Pair25	PD45803	PD45803b_lo0055
Pair25	PD45803	PD45803b_lo0058
Pair25	PD45803	PD45803b_lo0062
Pair25	PD45803	PD45803b_lo0066
Pair25	PD45803	PD45803b_lo0067
Pair25	PD45803	PD45803b_lo0070
Pair25	PD45803	PD45803b_lo0072
Pair25	PD45803	PD45803b_lo0073
Pair25	PD45803	PD45803b_lo0074
Pair25	PD45803	PD45803b_lo0077
Pair25	PD45803	PD45803b_lo0078
Pair25	PD45803	PD45803b_lo0079
Pair25	PD45803	PD45803b_lo0080
Pair25	PD45803	PD45803b_lo0082
Pair25	PD45803	PD45803b_lo0085
Pair25	PD45803	PD45803b_lo0086
Pair25	PD45803	PD45803b_lo0089
Pair25	PD45803	PD45803b_lo0094
Pair25	PD45803	PD45803b_lo0095
Pair25	PD45803	PD45803b_lo0097
Pair25	PD45803	PD45803b_lo0098
Pair25	PD45803	PD45803b_lo0099
Pair25	PD45803	PD45803b_lo0100
Pair25	PD45803	PD45803b_lo0103
Pair25	PD45803	PD45803b_lo0104
Pair25	PD45803	PD45803b_lo0106
Pair25	PD45803	PD45803b_lo0108
Pair25	PD45803	PD45803b_lo0109
Pair25	PD45803	PD45803b_lo0110
Pair25	PD45803	PD45803b_lo0111
Pair25	PD45803	PD45803b_lo0112
Pair25	PD45803	PD45803b_lo0113
Pair25	PD45803	PD45803b_lo0114
Pair25	PD45803	PD45803b_lo0115
Pair25	PD45803	PD45803b_lo0116
Pair25	PD45803	PD45803b_lo0117
Pair25	PD45803	PD45803b_lo0119
Pair25	PD45803	PD45803b_lo0120
Pair25	PD45803	PD45803b_lo0121
Pair25	PD45803	PD45803b_lo0122
Pair25	PD45803	PD45803b_lo0123
Pair25	PD45803	PD45803b_lo0124
Pair25	PD45803	PD45803b_lo0125
Pair25	PD45803	PD45803b_lo0126
Pair25	PD45803	PD45803b_lo0127
Pair25	PD45803	PD45803b_lo0128
Pair25	PD45803	PD45803b_lo0129
Pair25	PD45803	PD45803b_lo0130
Pair25	PD45803	PD45803b_lo0131
Pair25	PD45803	PD45803b_lo0132
Pair25	PD45803	PD45803b_lo0133
Pair25	PD45803	PD45803b_lo0136
Pair25	PD45803	PD45803b_lo0138
Pair25	PD45803	PD45803b_lo0139
Pair25	PD45803	PD45803b_lo0141
Pair25	PD45803	PD45803b_lo0143
Pair25	PD45803	PD45803b_lo0144
Pair25	PD45803	PD45803b_lo0146
Pair25	PD45803	PD45803b_lo0151
Pair25	PD45803	PD45803b_lo0153
Pair25	PD45803	PD45803b_lo0154
Pair25	PD45803	PD45803b_lo0155
Pair25	PD45803	PD45803b_lo0157
Pair25	PD45803	PD45803b_lo0158
Pair25	PD45803	PD45803b_lo0161
Pair25	PD45803	PD45803b_lo0162
Pair25	PD45803	PD45803b_lo0163
Pair25	PD45803	PD45803b_lo0164
Pair25	PD45803	PD45803b_lo0166
Pair25	PD45803	PD45803b_lo0169
Pair25	PD45803	PD45803b_lo0171
Pair25	PD45803	PD45803b_lo0173
Pair25	PD45803	PD45803b_lo0178
Pair25	PD45803	PD45803b_lo0180
Pair25	PD45803	PD45803b_lo0182
Pair25	PD45803	PD45803b_lo0183
Pair25	PD45803	PD45803b_lo0184
Pair25	PD45803	PD45803b_lo0186
Pair25	PD45803	PD45803b_lo0188
Pair25	PD45803	PD45803b_lo0189
Pair25	PD45803	PD45803b_lo0191
Pair25	PD45803	PD45803b_lo0192
Pair25	PD45803	PD45803b_lo0193
Pair25	PD45803	PD45803b_lo0194
Pair25	PD45803	PD45803b_lo0196
Pair25	PD45803	PD45803b_lo0197
Pair25	PD45803	PD45803b_lo0198
Pair25	PD45803	PD45803b_lo0200
Pair25	PD45803	PD45803b_lo0201
Pair25	PD45803	PD45803b_lo0202
Pair25	PD45803	PD45803b_lo0203
Pair25	PD45803	PD45803b_lo0204
Pair25	PD45803	PD45803b_lo0205
Pair25	PD45803	PD45803b_lo0206
Pair25	PD45803	PD45803b_lo0207
Pair25	PD45803	PD45803b_lo0208
Pair25	PD45803	PD45803b_lo0210
Pair25	PD45803	PD45803b_lo0211
Pair25	PD45803	PD45803b_lo0213
Pair25	PD45803	PD45803b_lo0214
Pair25	PD45803	PD45803b_lo0215
Pair25	PD45803	PD45803b_lo0216
Pair25	PD45803	PD45803b_lo0217
Pair25	PD45803	PD45803b_lo0218
Pair25	PD45803	PD45803b_lo0219
Pair25	PD45803	PD45803b_lo0220
Pair25	PD45803	PD45803b_lo0221
Pair25	PD45803	PD45803b_lo0222
Pair25	PD45803	PD45803b_lo0223
Pair25	PD45803	PD45803b_lo0224
Pair25	PD45803	PD45803b_lo0225
Pair25	PD45803	PD45803b_lo0227
Pair25	PD45803	PD45803b_lo0228
Pair25	PD45803	PD45803b_lo0230
Pair25	PD45803	PD45803b_lo0231
Pair25	PD45803	PD45803b_lo0232
Pair25	PD45803	PD45803b_lo0234
Pair25	PD45803	PD45803b_lo0235
Pair25	PD45803	PD45803b_lo0236
Pair25	PD45803	PD45803b_lo0237
Pair25	PD45803	PD45803b_lo0238
Pair25	PD45803	PD45803b_lo0239
Pair25	PD45803	PD45803b_lo0240
Pair25	PD45803	PD45803b_lo0241
Pair25	PD45803	PD45803b_lo0242
Pair25	PD45803	PD45803b_lo0243
Pair25	PD45803	PD45803b_lo0244
Pair25	PD45803	PD45803b_lo0245
Pair25	PD45803	PD45803b_lo0246
Pair25	PD45803	PD45803b_lo0247
Pair25	PD45803	PD45803b_lo0248
Pair25	PD45803	PD45803b_lo0249
Pair25	PD45803	PD45803b_lo0250
Pair25	PD45803	PD45803b_lo0251
Pair25	PD45803	PD45803b_lo0253
Pair25	PD45803	PD45803b_lo0254
Pair25	PD45803	PD45803b_lo0255
Pair25	PD45803	PD45803b_lo0259
Pair25	PD45803	PD45803b_lo0260
Pair25	PD45803	PD45803b_lo0262
Pair25	PD45803	PD45803b_lo0264
Pair25	PD45803	PD45803b_lo0265
Pair25	PD45803	PD45803b_lo0267
Pair25	PD45803	PD45803b_lo0268
Pair25	PD45803	PD45803b_lo0270
Pair25	PD45803	PD45803b_lo0271
Pair25	PD45803	PD45803b_lo0272
Pair25	PD45803	PD45803b_lo0275
Pair25	PD45803	PD45803b_lo0276
Pair25	PD45803	PD45803b_lo0277
Pair25	PD45803	PD45803b_lo0280
Pair25	PD45803	PD45803b_lo0281
Pair25	PD45803	PD45803b_lo0283
Pair25	PD45803	PD45803b_lo0284
Pair25	PD45803	PD45803b_lo0286
Pair25	PD45803	PD45803b_lo0287
Pair28	PD45804	PD45804b_lo0002
Pair28	PD45804	PD45804b_lo0003
Pair28	PD45804	PD45804b_lo0007
Pair28	PD45804	PD45804b_lo0011
Pair28	PD45804	PD45804b_lo0012
Pair28	PD45804	PD45804b_lo0013
Pair28	PD45804	PD45804b_lo0015
Pair28	PD45804	PD45804b_lo0017
Pair28	PD45804	PD45804b_lo0019
Pair28	PD45804	PD45804b_lo0020
Pair28	PD45804	PD45804b_lo0021
Pair28	PD45804	PD45804b_lo0024
Pair28	PD45804	PD45804b_lo0028
Pair28	PD45804	PD45804b_lo0029
Pair28	PD45804	PD45804b_lo0030
Pair28	PD45804	PD45804b_lo0031
Pair28	PD45804	PD45804b_lo0033
Pair28	PD45804	PD45804b_lo0034
Pair28	PD45804	PD45804b_lo0035
Pair28	PD45804	PD45804b_lo0036
Pair28	PD45804	PD45804b_lo0038
Pair28	PD45804	PD45804b_lo0041
Pair28	PD45804	PD45804b_lo0042
Pair28	PD45804	PD45804b_lo0043
Pair28	PD45804	PD45804b_lo0044
Pair28	PD45804	PD45804b_lo0045
Pair28	PD45804	PD45804b_lo0047
Pair28	PD45804	PD45804b_lo0048
Pair28	PD45804	PD45804b_lo0050
Pair28	PD45804	PD45804b_lo0052
Pair28	PD45804	PD45804b_lo0053
Pair28	PD45804	PD45804b_lo0054
Pair28	PD45804	PD45804b_lo0055
Pair28	PD45804	PD45804b_lo0056
Pair28	PD45804	PD45804b_lo0059
Pair28	PD45804	PD45804b_lo0061
Pair28	PD45804	PD45804b_lo0064
Pair28	PD45804	PD45804b_lo0065
Pair28	PD45804	PD45804b_lo0066
Pair28	PD45804	PD45804b_lo0067
Pair28	PD45804	PD45804b_lo0068
Pair28	PD45804	PD45804b_lo0069
Pair28	PD45804	PD45804b_lo0070
Pair28	PD45804	PD45804b_lo0071
Pair28	PD45804	PD45804b_lo0074
Pair28	PD45804	PD45804b_lo0075
Pair28	PD45804	PD45804b_lo0076
Pair28	PD45804	PD45804b_lo0078
Pair28	PD45804	PD45804b_lo0079
Pair28	PD45804	PD45804b_lo0080
Pair28	PD45804	PD45804b_lo0081
Pair28	PD45804	PD45804b_lo0082
Pair28	PD45804	PD45804b_lo0083
Pair28	PD45804	PD45804b_lo0084
Pair28	PD45804	PD45804b_lo0085
Pair28	PD45804	PD45804b_lo0086
Pair28	PD45804	PD45804b_lo0087
Pair28	PD45804	PD45804b_lo0088
Pair28	PD45804	PD45804b_lo0089
Pair28	PD45804	PD45804b_lo0090
Pair28	PD45804	PD45804b_lo0091
Pair28	PD45804	PD45804b_lo0092
Pair28	PD45804	PD45804b_lo0093
Pair28	PD45804	PD45804b_lo0094
Pair28	PD45804	PD45804b_lo0095
Pair28	PD45804	PD45804b_lo0096
Pair28	PD45805	PD45805b_lo0001
Pair28	PD45805	PD45805b_lo0003
Pair28	PD45805	PD45805b_lo0004
Pair28	PD45805	PD45805b_lo0005
Pair28	PD45805	PD45805b_lo0006
Pair28	PD45805	PD45805b_lo0007
Pair28	PD45805	PD45805b_lo0009
Pair28	PD45805	PD45805b_lo0010
Pair28	PD45805	PD45805b_lo0012
Pair28	PD45805	PD45805b_lo0013
Pair28	PD45805	PD45805b_lo0014
Pair28	PD45805	PD45805b_lo0016
Pair28	PD45805	PD45805b_lo0018
Pair28	PD45805	PD45805b_lo0020
Pair28	PD45805	PD45805b_lo0021
Pair28	PD45805	PD45805b_lo0022
Pair28	PD45805	PD45805b_lo0023
Pair28	PD45805	PD45805b_lo0024
Pair28	PD45805	PD45805b_lo0025
Pair28	PD45805	PD45805b_lo0026
Pair28	PD45805	PD45805b_lo0027
Pair28	PD45805	PD45805b_lo0028
Pair28	PD45805	PD45805b_lo0034
Pair28	PD45805	PD45805b_lo0035
Pair28	PD45805	PD45805b_lo0038
Pair28	PD45805	PD45805b_lo0040
Pair28	PD45805	PD45805b_lo0042
Pair28	PD45805	PD45805b_lo0043
Pair28	PD45805	PD45805b_lo0045
Pair28	PD45805	PD45805b_lo0046
Pair28	PD45805	PD45805b_lo0048
Pair28	PD45805	PD45805b_lo0050
Pair28	PD45805	PD45805b_lo0057
Pair28	PD45805	PD45805b_lo0058
Pair28	PD45805	PD45805b_lo0059
Pair28	PD45805	PD45805b_lo0060
Pair28	PD45805	PD45805b_lo0061
Pair28	PD45805	PD45805b_lo0064
Pair28	PD45805	PD45805b_lo0068
Pair28	PD45805	PD45805b_lo0071
Pair28	PD45805	PD45805b_lo0072
Pair28	PD45805	PD45805b_lo0073
Pair28	PD45805	PD45805b_lo0076
Pair28	PD45805	PD45805b_lo0079
Pair28	PD45805	PD45805b_lo0080
Pair28	PD45805	PD45805b_lo0081
Pair28	PD45805	PD45805b_lo0083
Pair28	PD45805	PD45805b_lo0084
Pair28	PD45805	PD45805b_lo0086
Pair28	PD45805	PD45805b_lo0089
Pair28	PD45805	PD45805b_lo0090
Pair28	PD45805	PD45805b_lo0092
Pair28	PD45805	PD45805b_lo0093
Pair28	PD45805	PD45805b_lo0095
Pair28	PD45805	PD45805b_lo0097
Pair28	PD45805	PD45805b_lo0098
Pair28	PD45805	PD45805b_lo0099
Pair28	PD45805	PD45805b_lo0101
Pair28	PD45805	PD45805b_lo0102
Pair28	PD45805	PD45805b_lo0103
Pair28	PD45805	PD45805b_lo0104
Pair28	PD45805	PD45805b_lo0105
Pair28	PD45805	PD45805b_lo0106
Pair28	PD45805	PD45805b_lo0107
Pair28	PD45805	PD45805b_lo0108
Pair28	PD45805	PD45805b_lo0111
Pair28	PD45805	PD45805b_lo0112
Pair28	PD45805	PD45805b_lo0113
Pair28	PD45805	PD45805b_lo0114
Pair28	PD45805	PD45805b_lo0118
Pair28	PD45805	PD45805b_lo0120
Pair28	PD45805	PD45805b_lo0121
Pair28	PD45805	PD45805b_lo0124
Pair28	PD45805	PD45805b_lo0126
Pair28	PD45805	PD45805b_lo0127
Pair28	PD45805	PD45805b_lo0128
Pair28	PD45805	PD45805b_lo0129
Pair28	PD45805	PD45805b_lo0131
Pair28	PD45805	PD45805b_lo0132
Pair28	PD45805	PD45805b_lo0133
Pair28	PD45805	PD45805b_lo0135
Pair28	PD45805	PD45805b_lo0138
Pair28	PD45805	PD45805b_lo0143
Pair28	PD45805	PD45805b_lo0144
Pair28	PD45805	PD45805b_lo0145
Pair28	PD45805	PD45805b_lo0146
Pair28	PD45805	PD45805b_lo0147
Pair28	PD45805	PD45805b_lo0149
Pair28	PD45805	PD45805b_lo0152
Pair28	PD45805	PD45805b_lo0153
Pair28	PD45805	PD45805b_lo0154
Pair28	PD45805	PD45805b_lo0155
Pair28	PD45805	PD45805b_lo0157
Pair28	PD45805	PD45805b_lo0158
Pair28	PD45805	PD45805b_lo0160
Pair28	PD45805	PD45805b_lo0162
Pair28	PD45805	PD45805b_lo0163
Pair28	PD45805	PD45805b_lo0166
Pair28	PD45805	PD45805b_lo0167
Pair28	PD45805	PD45805b_lo0168
Pair28	PD45805	PD45805b_lo0170
Pair28	PD45805	PD45805b_lo0171
Pair28	PD45805	PD45805b_lo0172
Pair28	PD45805	PD45805b_lo0173
Pair28	PD45805	PD45805b_lo0174
Pair28	PD45805	PD45805b_lo0176
Pair28	PD45805	PD45805b_lo0179
Pair28	PD45805	PD45805b_lo0181
Pair28	PD45805	PD45805b_lo0182
Pair28	PD45805	PD45805b_lo0183
Pair28	PD45805	PD45805b_lo0184
Pair28	PD45805	PD45805b_lo0185
Pair28	PD45805	PD45805b_lo0186
Pair28	PD45805	PD45805b_lo0187
Pair28	PD45805	PD45805b_lo0188
Pair28	PD45805	PD45805b_lo0190
Pair28	PD45805	PD45805b_lo0191
Pair28	PD45805	PD45805b_lo0192
Pair28	PD45805	PD45805b_lo0193
Pair28	PD45805	PD45805b_lo0194
Pair28	PD45805	PD45805b_lo0196
Pair28	PD45805	PD45805b_lo0197
Pair28	PD45805	PD45805b_lo0198
Pair28	PD45805	PD45805b_lo0199
Pair28	PD45805	PD45805b_lo0200
Pair28	PD45805	PD45805b_lo0201
Pair28	PD45805	PD45805b_lo0203
Pair28	PD45805	PD45805b_lo0204
Pair28	PD45805	PD45805b_lo0205
Pair28	PD45805	PD45805b_lo0206
Pair28	PD45805	PD45805b_lo0208
Pair28	PD45805	PD45805b_lo0209
Pair28	PD45805	PD45805b_lo0210
Pair28	PD45805	PD45805b_lo0211
Pair28	PD45805	PD45805b_lo0213
Pair28	PD45805	PD45805b_lo0214
Pair28	PD45805	PD45805b_lo0219
Pair28	PD45805	PD45805b_lo0224
Pair28	PD45805	PD45805b_lo0225
Pair28	PD45805	PD45805b_lo0226
Pair28	PD45805	PD45805b_lo0227
Pair28	PD45805	PD45805b_lo0229
Pair28	PD45805	PD45805b_lo0230
Pair28	PD45805	PD45805b_lo0231
Pair28	PD45805	PD45805b_lo0233
Pair28	PD45805	PD45805b_lo0235
Pair28	PD45805	PD45805b_lo0236
Pair28	PD45805	PD45805b_lo0237
Pair28	PD45805	PD45805b_lo0239
Pair28	PD45805	PD45805b_lo0240
Pair28	PD45805	PD45805b_lo0242
Pair28	PD45805	PD45805b_lo0245
Pair28	PD45805	PD45805b_lo0246
Pair28	PD45805	PD45805b_lo0247
Pair28	PD45805	PD45805b_lo0248
Pair28	PD45805	PD45805b_lo0251
Pair28	PD45805	PD45805b_lo0252
Pair28	PD45805	PD45805b_lo0255
Pair28	PD45805	PD45805b_lo0257
Pair28	PD45805	PD45805b_lo0258
Pair28	PD45805	PD45805b_lo0259
Pair28	PD45805	PD45805b_lo0260
Pair28	PD45805	PD45805b_lo0261
Pair28	PD45805	PD45805b_lo0262
Pair28	PD45805	PD45805b_lo0263
Pair28	PD45805	PD45805b_lo0264
Pair28	PD45805	PD45805b_lo0265
Pair28	PD45805	PD45805b_lo0266
Pair28	PD45805	PD45805b_lo0267
Pair28	PD45805	PD45805b_lo0268
Pair28	PD45805	PD45805b_lo0269
Pair28	PD45805	PD45805b_lo0270
Pair28	PD45805	PD45805b_lo0271
Pair28	PD45805	PD45805b_lo0272
Pair31	PD45806	PD45806b_lo0003
Pair31	PD45806	PD45806b_lo0004
Pair31	PD45806	PD45806b_lo0005
Pair31	PD45806	PD45806b_lo0006
Pair31	PD45806	PD45806b_lo0008
Pair31	PD45806	PD45806b_lo0013
Pair31	PD45806	PD45806b_lo0015
Pair31	PD45806	PD45806b_lo0016
Pair31	PD45806	PD45806b_lo0017
Pair31	PD45806	PD45806b_lo0019
Pair31	PD45806	PD45806b_lo0020
Pair31	PD45806	PD45806b_lo0025
Pair31	PD45806	PD45806b_lo0026
Pair31	PD45806	PD45806b_lo0036
Pair31	PD45806	PD45806b_lo0037
Pair31	PD45806	PD45806b_lo0038
Pair31	PD45806	PD45806b_lo0040
Pair31	PD45806	PD45806b_lo0041
Pair31	PD45806	PD45806b_lo0044
Pair31	PD45806	PD45806b_lo0046
Pair31	PD45806	PD45806b_lo0047
Pair31	PD45806	PD45806b_lo0052
Pair31	PD45806	PD45806b_lo0053
Pair31	PD45806	PD45806b_lo0054
Pair31	PD45806	PD45806b_lo0055
Pair31	PD45806	PD45806b_lo0059
Pair31	PD45806	PD45806b_lo0066
Pair31	PD45806	PD45806b_lo0067
Pair31	PD45806	PD45806b_lo0069
Pair31	PD45806	PD45806b_lo0076
Pair31	PD45806	PD45806b_lo0078
Pair31	PD45806	PD45806b_lo0086
Pair31	PD45806	PD45806b_lo0089
Pair31	PD45806	PD45806b_lo0091
Pair31	PD45806	PD45806b_lo0097
Pair31	PD45806	PD45806b_lo0098
Pair31	PD45806	PD45806b_lo0101
Pair31	PD45806	PD45806b_lo0102
Pair31	PD45806	PD45806b_lo0103
Pair31	PD45806	PD45806b_lo0104
Pair31	PD45806	PD45806b_lo0106
Pair31	PD45806	PD45806b_lo0114
Pair31	PD45806	PD45806b_lo0120
Pair31	PD45806	PD45806b_lo0125
Pair31	PD45806	PD45806b_lo0129
Pair31	PD45806	PD45806b_lo0132
Pair31	PD45806	PD45806b_lo0135
Pair31	PD45806	PD45806b_lo0136
Pair31	PD45806	PD45806b_lo0137
Pair31	PD45806	PD45806b_lo0141
Pair31	PD45806	PD45806b_lo0145
Pair31	PD45806	PD45806b_lo0146
Pair31	PD45806	PD45806b_lo0148
Pair31	PD45806	PD45806b_lo0149
Pair31	PD45806	PD45806b_lo0150
Pair31	PD45806	PD45806b_lo0152
Pair31	PD45806	PD45806b_lo0153
Pair31	PD45806	PD45806b_lo0160
Pair31	PD45806	PD45806b_lo0171
Pair31	PD45806	PD45806b_lo0172
Pair31	PD45806	PD45806b_lo0173
Pair31	PD45806	PD45806b_lo0176
Pair31	PD45806	PD45806b_lo0177
Pair31	PD45806	PD45806b_lo0183
Pair31	PD45806	PD45806b_lo0184
Pair31	PD45806	PD45806b_lo0185
Pair31	PD45806	PD45806b_lo0191
Pair31	PD45807	PD45807b_lo0097
Pair31	PD45807	PD45807b_lo0098
Pair31	PD45807	PD45807b_lo0099
Pair31	PD45807	PD45807b_lo0101
Pair31	PD45807	PD45807b_lo0102
Pair31	PD45807	PD45807b_lo0105
Pair31	PD45807	PD45807b_lo0109
Pair31	PD45807	PD45807b_lo0110
Pair31	PD45807	PD45807b_lo0111
Pair31	PD45807	PD45807b_lo0112
Pair31	PD45807	PD45807b_lo0113
Pair31	PD45807	PD45807b_lo0115
Pair31	PD45807	PD45807b_lo0118
Pair31	PD45807	PD45807b_lo0119
Pair31	PD45807	PD45807b_lo0123
Pair31	PD45807	PD45807b_lo0124
Pair31	PD45807	PD45807b_lo0125
Pair31	PD45807	PD45807b_lo0126
Pair31	PD45807	PD45807b_lo0127
Pair31	PD45807	PD45807b_lo0130
Pair31	PD45807	PD45807b_lo0131
Pair31	PD45807	PD45807b_lo0132
Pair31	PD45807	PD45807b_lo0133
Pair31	PD45807	PD45807b_lo0134
Pair31	PD45807	PD45807b_lo0136
Pair31	PD45807	PD45807b_lo0137
Pair31	PD45807	PD45807b_lo0138
Pair31	PD45807	PD45807b_lo0139
Pair31	PD45807	PD45807b_lo0140
Pair31	PD45807	PD45807b_lo0143
Pair31	PD45807	PD45807b_lo0144
Pair31	PD45807	PD45807b_lo0147
Pair31	PD45807	PD45807b_lo0148
Pair31	PD45807	PD45807b_lo0150
Pair31	PD45807	PD45807b_lo0151
Pair31	PD45807	PD45807b_lo0152
Pair31	PD45807	PD45807b_lo0155
Pair31	PD45807	PD45807b_lo0157
Pair31	PD45807	PD45807b_lo0160
Pair31	PD45807	PD45807b_lo0161
Pair31	PD45807	PD45807b_lo0164
Pair31	PD45807	PD45807b_lo0165
Pair31	PD45807	PD45807b_lo0166
Pair31	PD45807	PD45807b_lo0167
Pair31	PD45807	PD45807b_lo0169
Pair31	PD45807	PD45807b_lo0170
Pair31	PD45807	PD45807b_lo0172
Pair31	PD45807	PD45807b_lo0174
Pair31	PD45807	PD45807b_lo0175
Pair31	PD45807	PD45807b_lo0176
Pair31	PD45807	PD45807b_lo0179
Pair31	PD45807	PD45807b_lo0181
Pair31	PD45807	PD45807b_lo0182
Pair31	PD45807	PD45807b_lo0183
Pair31	PD45807	PD45807b_lo0185
Pair31	PD45807	PD45807b_lo0186
Pair31	PD45807	PD45807b_lo0187
Pair31	PD45807	PD45807b_lo0188
Pair31	PD45807	PD45807b_lo0189
Pair31	PD45807	PD45807b_lo0190
Pair31	PD45807	PD45807b_lo0192
Pair31	PD45807	PD45807b_lo0193
Pair31	PD45807	PD45807b_lo0194
Pair31	PD45807	PD45807b_lo0195
Pair31	PD45807	PD45807b_lo0196
Pair31	PD45807	PD45807b_lo0197
Pair31	PD45807	PD45807b_lo0201
Pair31	PD45807	PD45807b_lo0206
Pair31	PD45807	PD45807b_lo0207
Pair31	PD45807	PD45807b_lo0208
Pair31	PD45807	PD45807b_lo0209
Pair31	PD45807	PD45807b_lo0210
Pair31	PD45807	PD45807b_lo0211
Pair31	PD45807	PD45807b_lo0213
Pair31	PD45807	PD45807b_lo0214
Pair31	PD45807	PD45807b_lo0215
Pair31	PD45807	PD45807b_lo0216
Pair31	PD45807	PD45807b_lo0217
Pair31	PD45807	PD45807b_lo0218
Pair31	PD45807	PD45807b_lo0223
Pair31	PD45807	PD45807b_lo0224
Pair31	PD45807	PD45807b_lo0225
Pair31	PD45807	PD45807b_lo0227
Pair31	PD45807	PD45807b_lo0228
Pair31	PD45807	PD45807b_lo0229
Pair31	PD45807	PD45807b_lo0231
Pair31	PD45807	PD45807b_lo0232
Pair31	PD45807	PD45807b_lo0234
Pair31	PD45807	PD45807b_lo0235
Pair31	PD45807	PD45807b_lo0238
Pair31	PD45807	PD45807b_lo0239
Pair31	PD45807	PD45807b_lo0242
Pair31	PD45807	PD45807b_lo0243
Pair31	PD45807	PD45807b_lo0244
Pair31	PD45807	PD45807b_lo0246
Pair31	PD45807	PD45807b_lo0247
Pair31	PD45807	PD45807b_lo0249
Pair31	PD45807	PD45807b_lo0250
Pair31	PD45807	PD45807b_lo0251
Pair31	PD45807	PD45807b_lo0252
Pair31	PD45807	PD45807b_lo0253
Pair31	PD45807	PD45807b_lo0255
Pair31	PD45807	PD45807b_lo0256
Pair31	PD45807	PD45807b_lo0259
Pair31	PD45807	PD45807b_lo0261
Pair31	PD45807	PD45807b_lo0263
Pair31	PD45807	PD45807b_lo0264
Pair31	PD45807	PD45807b_lo0265
Pair31	PD45807	PD45807b_lo0266
Pair31	PD45807	PD45807b_lo0267
Pair31	PD45807	PD45807b_lo0269
Pair31	PD45807	PD45807b_lo0270
Pair31	PD45807	PD45807b_lo0271
Pair31	PD45807	PD45807b_lo0272
Pair31	PD45807	PD45807b_lo0274
Pair31	PD45807	PD45807b_lo0276
Pair31	PD45807	PD45807b_lo0277
Pair31	PD45807	PD45807b_lo0278
Pair31	PD45807	PD45807b_lo0280
Pair31	PD45807	PD45807b_lo0281
Pair31	PD45807	PD45807b_lo0283
Pair31	PD45807	PD45807b_lo0284
Pair31	PD45807	PD45807b_lo0285
Pair31	PD45807	PD45807b_lo0286
Pair31	PD45807	PD45807b_lo0287
Pair38	PD45808	PD45808b_lo0003
Pair38	PD45808	PD45808b_lo0006
Pair38	PD45808	PD45808b_lo0008
Pair38	PD45808	PD45808b_lo0015
Pair38	PD45808	PD45808b_lo0016
Pair38	PD45808	PD45808b_lo0020
Pair38	PD45808	PD45808b_lo0022
Pair38	PD45808	PD45808b_lo0024
Pair38	PD45808	PD45808b_lo0025
Pair38	PD45808	PD45808b_lo0026
Pair38	PD45808	PD45808b_lo0028
Pair38	PD45808	PD45808b_lo0030
Pair38	PD45808	PD45808b_lo0031
Pair38	PD45808	PD45808b_lo0032
Pair38	PD45808	PD45808b_lo0035
Pair38	PD45808	PD45808b_lo0038
Pair38	PD45808	PD45808b_lo0039
Pair38	PD45808	PD45808b_lo0040
Pair38	PD45808	PD45808b_lo0041
Pair38	PD45808	PD45808b_lo0042
Pair38	PD45808	PD45808b_lo0045
Pair38	PD45808	PD45808b_lo0046
Pair38	PD45808	PD45808b_lo0048
Pair38	PD45808	PD45808b_lo0051
Pair38	PD45808	PD45808b_lo0053
Pair38	PD45808	PD45808b_lo0054
Pair38	PD45808	PD45808b_lo0056
Pair38	PD45808	PD45808b_lo0058
Pair38	PD45808	PD45808b_lo0059
Pair38	PD45808	PD45808b_lo0060
Pair38	PD45808	PD45808b_lo0061
Pair38	PD45808	PD45808b_lo0064
Pair38	PD45808	PD45808b_lo0065
Pair38	PD45808	PD45808b_lo0066
Pair38	PD45808	PD45808b_lo0068
Pair38	PD45808	PD45808b_lo0069
Pair38	PD45808	PD45808b_lo0070
Pair38	PD45808	PD45808b_lo0071
Pair38	PD45808	PD45808b_lo0074
Pair38	PD45808	PD45808b_lo0076
Pair38	PD45808	PD45808b_lo0077
Pair38	PD45808	PD45808b_lo0079
Pair38	PD45808	PD45808b_lo0080
Pair38	PD45808	PD45808b_lo0081
Pair38	PD45808	PD45808b_lo0082
Pair38	PD45808	PD45808b_lo0084
Pair38	PD45808	PD45808b_lo0085
Pair38	PD45808	PD45808b_lo0086
Pair38	PD45808	PD45808b_lo0087
Pair38	PD45808	PD45808b_lo0088
Pair38	PD45808	PD45808b_lo0089
Pair38	PD45808	PD45808b_lo0090
Pair38	PD45808	PD45808b_lo0091
Pair38	PD45808	PD45808b_lo0092
Pair38	PD45808	PD45808b_lo0094
Pair38	PD45808	PD45808b_lo0096
Pair38	PD45808	PD45808b_lo0097
Pair38	PD45808	PD45808b_lo0098
Pair38	PD45808	PD45808b_lo0099
Pair38	PD45808	PD45808b_lo0100
Pair38	PD45808	PD45808b_lo0101
Pair38	PD45808	PD45808b_lo0102
Pair38	PD45808	PD45808b_lo0103
Pair38	PD45808	PD45808b_lo0104
Pair38	PD45808	PD45808b_lo0105
Pair38	PD45808	PD45808b_lo0106
Pair38	PD45808	PD45808b_lo0107
Pair38	PD45808	PD45808b_lo0108
Pair38	PD45808	PD45808b_lo0109
Pair38	PD45808	PD45808b_lo0110
Pair38	PD45808	PD45808b_lo0111
Pair38	PD45808	PD45808b_lo0112
Pair38	PD45808	PD45808b_lo0113
Pair38	PD45808	PD45808b_lo0115
Pair38	PD45808	PD45808b_lo0116
Pair38	PD45808	PD45808b_lo0117
Pair38	PD45808	PD45808b_lo0118
Pair38	PD45808	PD45808b_lo0119
Pair38	PD45808	PD45808b_lo0120
Pair38	PD45808	PD45808b_lo0121
Pair38	PD45808	PD45808b_lo0122
Pair38	PD45808	PD45808b_lo0123
Pair38	PD45808	PD45808b_lo0124
Pair38	PD45808	PD45808b_lo0125
Pair38	PD45808	PD45808b_lo0127
Pair38	PD45808	PD45808b_lo0128
Pair38	PD45808	PD45808b_lo0129
Pair38	PD45808	PD45808b_lo0130
Pair38	PD45808	PD45808b_lo0131
Pair38	PD45808	PD45808b_lo0132
Pair38	PD45808	PD45808b_lo0133
Pair38	PD45808	PD45808b_lo0135
Pair38	PD45808	PD45808b_lo0136
Pair38	PD45808	PD45808b_lo0137
Pair38	PD45808	PD45808b_lo0138
Pair38	PD45808	PD45808b_lo0139
Pair38	PD45808	PD45808b_lo0140
Pair38	PD45808	PD45808b_lo0141
Pair38	PD45808	PD45808b_lo0142
Pair38	PD45808	PD45808b_lo0143
Pair38	PD45808	PD45808b_lo0144
Pair38	PD45808	PD45808b_lo0145
Pair38	PD45808	PD45808b_lo0148
Pair38	PD45808	PD45808b_lo0149
Pair38	PD45808	PD45808b_lo0150
Pair38	PD45808	PD45808b_lo0151
Pair38	PD45808	PD45808b_lo0152
Pair38	PD45808	PD45808b_lo0155
Pair38	PD45808	PD45808b_lo0156
Pair38	PD45808	PD45808b_lo0158
Pair38	PD45808	PD45808b_lo0159
Pair38	PD45808	PD45808b_lo0160
Pair38	PD45808	PD45808b_lo0161
Pair38	PD45808	PD45808b_lo0162
Pair38	PD45808	PD45808b_lo0163
Pair38	PD45808	PD45808b_lo0164
Pair38	PD45808	PD45808b_lo0165
Pair38	PD45808	PD45808b_lo0166
Pair38	PD45808	PD45808b_lo0167
Pair38	PD45808	PD45808b_lo0168
Pair38	PD45808	PD45808b_lo0169
Pair38	PD45808	PD45808b_lo0170
Pair38	PD45808	PD45808b_lo0171
Pair38	PD45808	PD45808b_lo0172
Pair38	PD45808	PD45808b_lo0173
Pair38	PD45808	PD45808b_lo0174
Pair38	PD45808	PD45808b_lo0175
Pair38	PD45808	PD45808b_lo0176
Pair38	PD45808	PD45808b_lo0177
Pair38	PD45808	PD45808b_lo0178
Pair38	PD45808	PD45808b_lo0179
Pair38	PD45808	PD45808b_lo0180
Pair38	PD45808	PD45808b_lo0182
Pair38	PD45808	PD45808b_lo0183
Pair38	PD45808	PD45808b_lo0184
Pair38	PD45808	PD45808b_lo0185
Pair38	PD45808	PD45808b_lo0186
Pair38	PD45808	PD45808b_lo0187
Pair38	PD45808	PD45808b_lo0188
Pair38	PD45808	PD45808b_lo0189
Pair38	PD45808	PD45808b_lo0190
Pair38	PD45808	PD45808b_lo0191
Pair38	PD45808	PD45808b_lo0192
Pair38	PD45809	PD45809b_lo0001
Pair38	PD45809	PD45809b_lo0002
Pair38	PD45809	PD45809b_lo0003
Pair38	PD45809	PD45809b_lo0004
Pair38	PD45809	PD45809b_lo0006
Pair38	PD45809	PD45809b_lo0007
Pair38	PD45809	PD45809b_lo0008
Pair38	PD45809	PD45809b_lo0009
Pair38	PD45809	PD45809b_lo0010
Pair38	PD45809	PD45809b_lo0011
Pair38	PD45809	PD45809b_lo0012
Pair38	PD45809	PD45809b_lo0013
Pair38	PD45809	PD45809b_lo0014
Pair38	PD45809	PD45809b_lo0015
Pair38	PD45809	PD45809b_lo0016
Pair38	PD45809	PD45809b_lo0017
Pair38	PD45809	PD45809b_lo0019
Pair38	PD45809	PD45809b_lo0020
Pair38	PD45809	PD45809b_lo0021
Pair38	PD45809	PD45809b_lo0022
Pair38	PD45809	PD45809b_lo0023
Pair38	PD45809	PD45809b_lo0024
Pair38	PD45809	PD45809b_lo0025
Pair38	PD45809	PD45809b_lo0026
Pair38	PD45809	PD45809b_lo0027
Pair38	PD45809	PD45809b_lo0028
Pair38	PD45809	PD45809b_lo0030
Pair38	PD45809	PD45809b_lo0031
Pair38	PD45809	PD45809b_lo0032
Pair38	PD45809	PD45809b_lo0034
Pair38	PD45809	PD45809b_lo0035
Pair38	PD45809	PD45809b_lo0036
Pair38	PD45809	PD45809b_lo0037
Pair38	PD45809	PD45809b_lo0038
Pair38	PD45809	PD45809b_lo0040
Pair38	PD45809	PD45809b_lo0041
Pair38	PD45809	PD45809b_lo0043
Pair38	PD45809	PD45809b_lo0046
Pair38	PD45809	PD45809b_lo0047
Pair38	PD45809	PD45809b_lo0049
Pair38	PD45809	PD45809b_lo0050
Pair38	PD45809	PD45809b_lo0051
Pair38	PD45809	PD45809b_lo0053
Pair38	PD45809	PD45809b_lo0058
Pair38	PD45809	PD45809b_lo0060
Pair38	PD45809	PD45809b_lo0061
Pair38	PD45809	PD45809b_lo0063
Pair38	PD45809	PD45809b_lo0064
Pair38	PD45809	PD45809b_lo0065
Pair38	PD45809	PD45809b_lo0066
Pair38	PD45809	PD45809b_lo0068
Pair38	PD45809	PD45809b_lo0070
Pair38	PD45809	PD45809b_lo0071
Pair38	PD45809	PD45809b_lo0073
Pair38	PD45809	PD45809b_lo0074
Pair38	PD45809	PD45809b_lo0076
Pair38	PD45809	PD45809b_lo0077
Pair38	PD45809	PD45809b_lo0078
Pair38	PD45809	PD45809b_lo0079
Pair38	PD45809	PD45809b_lo0080
Pair38	PD45809	PD45809b_lo0082
Pair38	PD45809	PD45809b_lo0083
Pair38	PD45809	PD45809b_lo0084
Pair38	PD45809	PD45809b_lo0085
Pair38	PD45809	PD45809b_lo0087
Pair38	PD45809	PD45809b_lo0089
Pair38	PD45809	PD45809b_lo0090
Pair38	PD45809	PD45809b_lo0091
Pair38	PD45809	PD45809b_lo0097
Pair38	PD45809	PD45809b_lo0098
Pair38	PD45809	PD45809b_lo0099
Pair38	PD45809	PD45809b_lo0100
Pair38	PD45809	PD45809b_lo0101
Pair38	PD45809	PD45809b_lo0102
Pair38	PD45809	PD45809b_lo0105
Pair38	PD45809	PD45809b_lo0107
Pair38	PD45809	PD45809b_lo0109
Pair38	PD45809	PD45809b_lo0110
Pair38	PD45809	PD45809b_lo0113
Pair38	PD45809	PD45809b_lo0114
Pair38	PD45809	PD45809b_lo0116
Pair38	PD45809	PD45809b_lo0117
Pair38	PD45809	PD45809b_lo0119
Pair38	PD45809	PD45809b_lo0122
Pair38	PD45809	PD45809b_lo0124
Pair38	PD45809	PD45809b_lo0125
Pair38	PD45809	PD45809b_lo0126
Pair38	PD45809	PD45809b_lo0129
Pair38	PD45809	PD45809b_lo0130
Pair38	PD45809	PD45809b_lo0131
Pair38	PD45809	PD45809b_lo0137
Pair38	PD45809	PD45809b_lo0138
Pair38	PD45809	PD45809b_lo0140
Pair38	PD45809	PD45809b_lo0145
Pair38	PD45809	PD45809b_lo0146
Pair38	PD45809	PD45809b_lo0153
Pair38	PD45809	PD45809b_lo0155
Pair38	PD45809	PD45809b_lo0160
Pair38	PD45809	PD45809b_lo0161
Pair38	PD45809	PD45809b_lo0162
Pair38	PD45809	PD45809b_lo0163
Pair38	PD45809	PD45809b_lo0165
Pair38	PD45809	PD45809b_lo0171
Pair38	PD45809	PD45809b_lo0174
Pair38	PD45809	PD45809b_lo0178
Pair38	PD45809	PD45809b_lo0181
Pair38	PD45809	PD45809b_lo0186
Pair38	PD45809	PD45809b_lo0189
Pair38	PD45809	PD45809b_lo0192
Pair40	PD45810	PD45810b_lo0001
Pair40	PD45810	PD45810b_lo0002
Pair40	PD45810	PD45810b_lo0003
Pair40	PD45810	PD45810b_lo0004
Pair40	PD45810	PD45810b_lo0005
Pair40	PD45810	PD45810b_lo0006
Pair40	PD45810	PD45810b_lo0007
Pair40	PD45810	PD45810b_lo0008
Pair40	PD45810	PD45810b_lo0009
Pair40	PD45810	PD45810b_lo0011
Pair40	PD45810	PD45810b_lo0012
Pair40	PD45810	PD45810b_lo0013
Pair40	PD45810	PD45810b_lo0014
Pair40	PD45810	PD45810b_lo0017
Pair40	PD45810	PD45810b_lo0018
Pair40	PD45810	PD45810b_lo0019
Pair40	PD45810	PD45810b_lo0020
Pair40	PD45810	PD45810b_lo0021
Pair40	PD45810	PD45810b_lo0024
Pair40	PD45810	PD45810b_lo0025
Pair40	PD45810	PD45810b_lo0026
Pair40	PD45810	PD45810b_lo0027
Pair40	PD45810	PD45810b_lo0029
Pair40	PD45810	PD45810b_lo0030
Pair40	PD45810	PD45810b_lo0031
Pair40	PD45810	PD45810b_lo0033
Pair40	PD45810	PD45810b_lo0034
Pair40	PD45810	PD45810b_lo0035
Pair40	PD45810	PD45810b_lo0036
Pair40	PD45810	PD45810b_lo0038
Pair40	PD45810	PD45810b_lo0040
Pair40	PD45810	PD45810b_lo0041
Pair40	PD45810	PD45810b_lo0042
Pair40	PD45810	PD45810b_lo0043
Pair40	PD45810	PD45810b_lo0044
Pair40	PD45810	PD45810b_lo0045
Pair40	PD45810	PD45810b_lo0046
Pair40	PD45810	PD45810b_lo0047
Pair40	PD45810	PD45810b_lo0049
Pair40	PD45810	PD45810b_lo0050
Pair40	PD45810	PD45810b_lo0051
Pair40	PD45810	PD45810b_lo0052
Pair40	PD45810	PD45810b_lo0054
Pair40	PD45810	PD45810b_lo0055
Pair40	PD45810	PD45810b_lo0056
Pair40	PD45810	PD45810b_lo0058
Pair40	PD45810	PD45810b_lo0060
Pair40	PD45810	PD45810b_lo0061
Pair40	PD45810	PD45810b_lo0062
Pair40	PD45810	PD45810b_lo0063
Pair40	PD45810	PD45810b_lo0065
Pair40	PD45810	PD45810b_lo0066
Pair40	PD45810	PD45810b_lo0067
Pair40	PD45810	PD45810b_lo0068
Pair40	PD45810	PD45810b_lo0069
Pair40	PD45810	PD45810b_lo0070
Pair40	PD45810	PD45810b_lo0071
Pair40	PD45810	PD45810b_lo0074
Pair40	PD45810	PD45810b_lo0075
Pair40	PD45810	PD45810b_lo0076
Pair40	PD45810	PD45810b_lo0077
Pair40	PD45810	PD45810b_lo0078
Pair40	PD45810	PD45810b_lo0080
Pair40	PD45810	PD45810b_lo0082
Pair40	PD45810	PD45810b_lo0083
Pair40	PD45810	PD45810b_lo0084
Pair40	PD45810	PD45810b_lo0085
Pair40	PD45810	PD45810b_lo0089
Pair40	PD45810	PD45810b_lo0090
Pair40	PD45810	PD45810b_lo0091
Pair40	PD45810	PD45810b_lo0092
Pair40	PD45810	PD45810b_lo0093
Pair40	PD45810	PD45810b_lo0095
Pair40	PD45810	PD45810b_lo0096
Pair40	PD45810	PD45810b_lo0097
Pair40	PD45810	PD45810b_lo0098
Pair40	PD45810	PD45810b_lo0099
Pair40	PD45810	PD45810b_lo0100
Pair40	PD45810	PD45810b_lo0101
Pair40	PD45810	PD45810b_lo0102
Pair40	PD45810	PD45810b_lo0104
Pair40	PD45810	PD45810b_lo0105
Pair40	PD45810	PD45810b_lo0106
Pair40	PD45810	PD45810b_lo0107
Pair40	PD45810	PD45810b_lo0108
Pair40	PD45810	PD45810b_lo0109
Pair40	PD45810	PD45810b_lo0110
Pair40	PD45810	PD45810b_lo0112
Pair40	PD45810	PD45810b_lo0113
Pair40	PD45810	PD45810b_lo0114
Pair40	PD45810	PD45810b_lo0115
Pair40	PD45810	PD45810b_lo0116
Pair40	PD45810	PD45810b_lo0117
Pair40	PD45810	PD45810b_lo0120
Pair40	PD45810	PD45810b_lo0121
Pair40	PD45810	PD45810b_lo0122
Pair40	PD45810	PD45810b_lo0123
Pair40	PD45810	PD45810b_lo0124
Pair40	PD45810	PD45810b_lo0125
Pair40	PD45810	PD45810b_lo0127
Pair40	PD45810	PD45810b_lo0128
Pair40	PD45810	PD45810b_lo0129
Pair40	PD45810	PD45810b_lo0130
Pair40	PD45810	PD45810b_lo0131
Pair40	PD45810	PD45810b_lo0133
Pair40	PD45810	PD45810b_lo0134
Pair40	PD45810	PD45810b_lo0135
Pair40	PD45810	PD45810b_lo0136
Pair40	PD45810	PD45810b_lo0137
Pair40	PD45810	PD45810b_lo0139
Pair40	PD45810	PD45810b_lo0140
Pair40	PD45810	PD45810b_lo0141
Pair40	PD45810	PD45810b_lo0142
Pair40	PD45810	PD45810b_lo0143
Pair40	PD45810	PD45810b_lo0144
Pair40	PD45810	PD45810b_lo0149
Pair40	PD45810	PD45810b_lo0152
Pair40	PD45810	PD45810b_lo0153
Pair40	PD45810	PD45810b_lo0154
Pair40	PD45810	PD45810b_lo0155
Pair40	PD45810	PD45810b_lo0156
Pair40	PD45810	PD45810b_lo0158
Pair40	PD45810	PD45810b_lo0159
Pair40	PD45810	PD45810b_lo0160
Pair40	PD45810	PD45810b_lo0162
Pair40	PD45810	PD45810b_lo0164
Pair40	PD45810	PD45810b_lo0166
Pair40	PD45810	PD45810b_lo0167
Pair40	PD45810	PD45810b_lo0168
Pair40	PD45810	PD45810b_lo0170
Pair40	PD45810	PD45810b_lo0171
Pair40	PD45810	PD45810b_lo0173
Pair40	PD45810	PD45810b_lo0175
Pair40	PD45810	PD45810b_lo0178
Pair40	PD45810	PD45810b_lo0181
Pair40	PD45810	PD45810b_lo0182
Pair40	PD45810	PD45810b_lo0183
Pair40	PD45810	PD45810b_lo0185
Pair40	PD45810	PD45810b_lo0188
Pair40	PD45810	PD45810b_lo0189
Pair40	PD45810	PD45810b_lo0190
Pair40	PD45810	PD45810b_lo0191
Pair40	PD45810	PD45810b_lo0192
Pair40	PD45811	PD45811b_lo0001
Pair40	PD45811	PD45811b_lo0003
Pair40	PD45811	PD45811b_lo0004
Pair40	PD45811	PD45811b_lo0005
Pair40	PD45811	PD45811b_lo0006
Pair40	PD45811	PD45811b_lo0007
Pair40	PD45811	PD45811b_lo0009
Pair40	PD45811	PD45811b_lo0010
Pair40	PD45811	PD45811b_lo0011
Pair40	PD45811	PD45811b_lo0012
Pair40	PD45811	PD45811b_lo0013
Pair40	PD45811	PD45811b_lo0016
Pair40	PD45811	PD45811b_lo0017
Pair40	PD45811	PD45811b_lo0018
Pair40	PD45811	PD45811b_lo0019
Pair40	PD45811	PD45811b_lo0021
Pair40	PD45811	PD45811b_lo0022
Pair40	PD45811	PD45811b_lo0024
Pair40	PD45811	PD45811b_lo0025
Pair40	PD45811	PD45811b_lo0026
Pair40	PD45811	PD45811b_lo0029
Pair40	PD45811	PD45811b_lo0032
Pair40	PD45811	PD45811b_lo0033
Pair40	PD45811	PD45811b_lo0034
Pair40	PD45811	PD45811b_lo0035
Pair40	PD45811	PD45811b_lo0036
Pair40	PD45811	PD45811b_lo0037
Pair40	PD45811	PD45811b_lo0040
Pair40	PD45811	PD45811b_lo0041
Pair40	PD45811	PD45811b_lo0044
Pair40	PD45811	PD45811b_lo0045
Pair40	PD45811	PD45811b_lo0048
Pair40	PD45811	PD45811b_lo0049
Pair40	PD45811	PD45811b_lo0050
Pair40	PD45811	PD45811b_lo0051
Pair40	PD45811	PD45811b_lo0052
Pair40	PD45811	PD45811b_lo0055
Pair40	PD45811	PD45811b_lo0056
Pair40	PD45811	PD45811b_lo0057
Pair40	PD45811	PD45811b_lo0058
Pair40	PD45811	PD45811b_lo0059
Pair40	PD45811	PD45811b_lo0061
Pair40	PD45811	PD45811b_lo0062
Pair40	PD45811	PD45811b_lo0063
Pair40	PD45811	PD45811b_lo0064
Pair40	PD45811	PD45811b_lo0065
Pair40	PD45811	PD45811b_lo0067
Pair40	PD45811	PD45811b_lo0068
Pair40	PD45811	PD45811b_lo0069
Pair40	PD45811	PD45811b_lo0070
Pair40	PD45811	PD45811b_lo0072
Pair40	PD45811	PD45811b_lo0074
Pair40	PD45811	PD45811b_lo0075
Pair40	PD45811	PD45811b_lo0079
Pair40	PD45811	PD45811b_lo0080
Pair40	PD45811	PD45811b_lo0082
Pair40	PD45811	PD45811b_lo0083
Pair40	PD45811	PD45811b_lo0084
Pair40	PD45811	PD45811b_lo0085
Pair40	PD45811	PD45811b_lo0087
Pair40	PD45811	PD45811b_lo0088
Pair40	PD45811	PD45811b_lo0089
Pair40	PD45811	PD45811b_lo0090
Pair40	PD45811	PD45811b_lo0091
Pair40	PD45811	PD45811b_lo0093
Pair40	PD45811	PD45811b_lo0094
Pair40	PD45811	PD45811b_lo0095
Pair40	PD45811	PD45811b_lo0096
Pair40	PD45811	PD45811b_lo0097
Pair40	PD45811	PD45811b_lo0099
Pair40	PD45811	PD45811b_lo0102
Pair40	PD45811	PD45811b_lo0104
Pair40	PD45811	PD45811b_lo0105
Pair40	PD45811	PD45811b_lo0106
Pair40	PD45811	PD45811b_lo0108
Pair40	PD45811	PD45811b_lo0109
Pair40	PD45811	PD45811b_lo0110
Pair40	PD45811	PD45811b_lo0111
Pair40	PD45811	PD45811b_lo0113
Pair40	PD45811	PD45811b_lo0114
Pair40	PD45811	PD45811b_lo0115
Pair40	PD45811	PD45811b_lo0116
Pair40	PD45811	PD45811b_lo0117
Pair40	PD45811	PD45811b_lo0119
Pair40	PD45811	PD45811b_lo0120
Pair40	PD45811	PD45811b_lo0121
Pair40	PD45811	PD45811b_lo0123
Pair40	PD45811	PD45811b_lo0124
Pair40	PD45811	PD45811b_lo0125
Pair40	PD45811	PD45811b_lo0127
Pair40	PD45811	PD45811b_lo0128
Pair40	PD45811	PD45811b_lo0129
Pair40	PD45811	PD45811b_lo0130
Pair40	PD45811	PD45811b_lo0132
Pair40	PD45811	PD45811b_lo0133
Pair40	PD45811	PD45811b_lo0135
Pair40	PD45811	PD45811b_lo0137
Pair40	PD45811	PD45811b_lo0138
Pair40	PD45811	PD45811b_lo0139
Pair40	PD45811	PD45811b_lo0140
Pair40	PD45811	PD45811b_lo0141
Pair40	PD45811	PD45811b_lo0143
Pair40	PD45811	PD45811b_lo0144
Pair40	PD45811	PD45811b_lo0145
Pair40	PD45811	PD45811b_lo0146
Pair40	PD45811	PD45811b_lo0147
Pair40	PD45811	PD45811b_lo0149
Pair40	PD45811	PD45811b_lo0150
Pair40	PD45811	PD45811b_lo0151
Pair40	PD45811	PD45811b_lo0152
Pair40	PD45811	PD45811b_lo0153
Pair40	PD45811	PD45811b_lo0154
Pair40	PD45811	PD45811b_lo0155
Pair40	PD45811	PD45811b_lo0157
Pair40	PD45811	PD45811b_lo0158
Pair40	PD45811	PD45811b_lo0159
Pair40	PD45811	PD45811b_lo0160
Pair40	PD45811	PD45811b_lo0161
Pair40	PD45811	PD45811b_lo0162
Pair40	PD45811	PD45811b_lo0164
Pair40	PD45811	PD45811b_lo0165
Pair40	PD45811	PD45811b_lo0167
Pair40	PD45811	PD45811b_lo0168
Pair40	PD45811	PD45811b_lo0169
Pair40	PD45811	PD45811b_lo0170
Pair40	PD45811	PD45811b_lo0171
Pair40	PD45811	PD45811b_lo0172
Pair40	PD45811	PD45811b_lo0173
Pair40	PD45811	PD45811b_lo0175
Pair40	PD45811	PD45811b_lo0176
Pair40	PD45811	PD45811b_lo0177
Pair40	PD45811	PD45811b_lo0179
Pair40	PD45811	PD45811b_lo0180
Pair40	PD45811	PD45811b_lo0182
Pair40	PD45811	PD45811b_lo0183
Pair40	PD45811	PD45811b_lo0184
Pair41	PD45812	PD45812b_lo0002
Pair41	PD45812	PD45812b_lo0004
Pair41	PD45812	PD45812b_lo0005
Pair41	PD45812	PD45812b_lo0006
Pair41	PD45812	PD45812b_lo0007
Pair41	PD45812	PD45812b_lo0008
Pair41	PD45812	PD45812b_lo0009
Pair41	PD45812	PD45812b_lo0010
Pair41	PD45812	PD45812b_lo0013
Pair41	PD45812	PD45812b_lo0016
Pair41	PD45812	PD45812b_lo0017
Pair41	PD45812	PD45812b_lo0018
Pair41	PD45812	PD45812b_lo0019
Pair41	PD45812	PD45812b_lo0020
Pair41	PD45812	PD45812b_lo0021
Pair41	PD45812	PD45812b_lo0022
Pair41	PD45812	PD45812b_lo0023
Pair41	PD45812	PD45812b_lo0024
Pair41	PD45812	PD45812b_lo0025
Pair41	PD45812	PD45812b_lo0026
Pair41	PD45812	PD45812b_lo0027
Pair41	PD45812	PD45812b_lo0028
Pair41	PD45812	PD45812b_lo0030
Pair41	PD45812	PD45812b_lo0034
Pair41	PD45812	PD45812b_lo0037
Pair41	PD45812	PD45812b_lo0039
Pair41	PD45812	PD45812b_lo0040
Pair41	PD45812	PD45812b_lo0042
Pair41	PD45812	PD45812b_lo0044
Pair41	PD45812	PD45812b_lo0046
Pair41	PD45812	PD45812b_lo0047
Pair41	PD45812	PD45812b_lo0048
Pair41	PD45812	PD45812b_lo0050
Pair41	PD45812	PD45812b_lo0051
Pair41	PD45812	PD45812b_lo0054
Pair41	PD45812	PD45812b_lo0056
Pair41	PD45812	PD45812b_lo0058
Pair41	PD45812	PD45812b_lo0063
Pair41	PD45812	PD45812b_lo0068
Pair41	PD45812	PD45812b_lo0070
Pair41	PD45812	PD45812b_lo0071
Pair41	PD45812	PD45812b_lo0073
Pair41	PD45812	PD45812b_lo0075
Pair41	PD45812	PD45812b_lo0079
Pair41	PD45812	PD45812b_lo0082
Pair41	PD45812	PD45812b_lo0083
Pair41	PD45812	PD45812b_lo0084
Pair41	PD45812	PD45812b_lo0089
Pair41	PD45812	PD45812b_lo0096
Pair41	PD45812	PD45812b_lo0098
Pair41	PD45812	PD45812b_lo0100
Pair41	PD45812	PD45812b_lo0101
Pair41	PD45812	PD45812b_lo0103
Pair41	PD45812	PD45812b_lo0105
Pair41	PD45812	PD45812b_lo0106
Pair41	PD45812	PD45812b_lo0107
Pair41	PD45812	PD45812b_lo0108
Pair41	PD45812	PD45812b_lo0109
Pair41	PD45812	PD45812b_lo0110
Pair41	PD45812	PD45812b_lo0111
Pair41	PD45812	PD45812b_lo0113
Pair41	PD45812	PD45812b_lo0114
Pair41	PD45812	PD45812b_lo0115
Pair41	PD45812	PD45812b_lo0116
Pair41	PD45812	PD45812b_lo0117
Pair41	PD45812	PD45812b_lo0118
Pair41	PD45812	PD45812b_lo0120
Pair41	PD45812	PD45812b_lo0121
Pair41	PD45812	PD45812b_lo0122
Pair41	PD45812	PD45812b_lo0123
Pair41	PD45812	PD45812b_lo0124
Pair41	PD45812	PD45812b_lo0125
Pair41	PD45812	PD45812b_lo0129
Pair41	PD45812	PD45812b_lo0130
Pair41	PD45812	PD45812b_lo0131
Pair41	PD45812	PD45812b_lo0132
Pair41	PD45812	PD45812b_lo0133
Pair41	PD45812	PD45812b_lo0134
Pair41	PD45812	PD45812b_lo0135
Pair41	PD45812	PD45812b_lo0140
Pair41	PD45812	PD45812b_lo0155
Pair41	PD45812	PD45812b_lo0160
Pair41	PD45812	PD45812b_lo0175
Pair41	PD45812	PD45812b_lo0187
Pair41	PD45812	PD45812b_lo0194
Pair41	PD45812	PD45812b_lo0195
Pair41	PD45812	PD45812b_lo0196
Pair41	PD45812	PD45812b_lo0199
Pair41	PD45812	PD45812b_lo0204
Pair41	PD45812	PD45812b_lo0205
Pair41	PD45812	PD45812b_lo0206
Pair41	PD45812	PD45812b_lo0208
Pair41	PD45812	PD45812b_lo0209
Pair41	PD45812	PD45812b_lo0213
Pair41	PD45812	PD45812b_lo0216
Pair41	PD45812	PD45812b_lo0218
Pair41	PD45812	PD45812b_lo0219
Pair41	PD45812	PD45812b_lo0220
Pair41	PD45812	PD45812b_lo0222
Pair41	PD45812	PD45812b_lo0223
Pair41	PD45812	PD45812b_lo0225
Pair41	PD45812	PD45812b_lo0228
Pair41	PD45812	PD45812b_lo0229
Pair41	PD45812	PD45812b_lo0232
Pair41	PD45812	PD45812b_lo0234
Pair41	PD45812	PD45812b_lo0235
Pair41	PD45812	PD45812b_lo0237
Pair41	PD45812	PD45812b_lo0240
Pair41	PD45812	PD45812b_lo0247
Pair41	PD45812	PD45812b_lo0258
Pair41	PD45812	PD45812b_lo0269
Pair41	PD45812	PD45812b_lo0272
Pair41	PD45812	PD45812b_lo0274
Pair41	PD45812	PD45812b_lo0275
Pair41	PD45812	PD45812b_lo0276
Pair41	PD45812	PD45812b_lo0277
Pair41	PD45812	PD45812b_lo0282
Pair41	PD45812	PD45812b_lo0283
Pair41	PD45812	PD45812b_lo0287
Pair41	PD45813	PD45813b_lo0001
Pair41	PD45813	PD45813b_lo0002
Pair41	PD45813	PD45813b_lo0003
Pair41	PD45813	PD45813b_lo0004
Pair41	PD45813	PD45813b_lo0005
Pair41	PD45813	PD45813b_lo0006
Pair41	PD45813	PD45813b_lo0009
Pair41	PD45813	PD45813b_lo0010
Pair41	PD45813	PD45813b_lo0011
Pair41	PD45813	PD45813b_lo0012
Pair41	PD45813	PD45813b_lo0013
Pair41	PD45813	PD45813b_lo0014
Pair41	PD45813	PD45813b_lo0015
Pair41	PD45813	PD45813b_lo0017
Pair41	PD45813	PD45813b_lo0018
Pair41	PD45813	PD45813b_lo0019
Pair41	PD45813	PD45813b_lo0020
Pair41	PD45813	PD45813b_lo0024
Pair41	PD45813	PD45813b_lo0026
Pair41	PD45813	PD45813b_lo0028
Pair41	PD45813	PD45813b_lo0029
Pair41	PD45813	PD45813b_lo0034
Pair41	PD45813	PD45813b_lo0035
Pair41	PD45813	PD45813b_lo0036
Pair41	PD45813	PD45813b_lo0039
Pair41	PD45813	PD45813b_lo0040
Pair41	PD45813	PD45813b_lo0041
Pair41	PD45813	PD45813b_lo0043
Pair41	PD45813	PD45813b_lo0045
Pair41	PD45813	PD45813b_lo0046
Pair41	PD45813	PD45813b_lo0047
Pair41	PD45813	PD45813b_lo0048
Pair41	PD45813	PD45813b_lo0050
Pair41	PD45813	PD45813b_lo0052
Pair41	PD45813	PD45813b_lo0054
Pair41	PD45813	PD45813b_lo0055
Pair41	PD45813	PD45813b_lo0056
Pair41	PD45813	PD45813b_lo0057
Pair41	PD45813	PD45813b_lo0060
Pair41	PD45813	PD45813b_lo0062
Pair41	PD45813	PD45813b_lo0063
Pair41	PD45813	PD45813b_lo0064
Pair41	PD45813	PD45813b_lo0065
Pair41	PD45813	PD45813b_lo0066
Pair41	PD45813	PD45813b_lo0067
Pair41	PD45813	PD45813b_lo0069
Pair41	PD45813	PD45813b_lo0071
Pair41	PD45813	PD45813b_lo0072
Pair41	PD45813	PD45813b_lo0074
Pair41	PD45813	PD45813b_lo0075
Pair41	PD45813	PD45813b_lo0076
Pair41	PD45813	PD45813b_lo0077
Pair41	PD45813	PD45813b_lo0079
Pair41	PD45813	PD45813b_lo0080
Pair41	PD45813	PD45813b_lo0084
Pair41	PD45813	PD45813b_lo0086
Pair41	PD45813	PD45813b_lo0088
Pair41	PD45813	PD45813b_lo0097
Pair41	PD45813	PD45813b_lo0098
Pair41	PD45813	PD45813b_lo0099
Pair41	PD45813	PD45813b_lo0100
Pair41	PD45813	PD45813b_lo0101
Pair41	PD45813	PD45813b_lo0102
Pair41	PD45813	PD45813b_lo0103
Pair41	PD45813	PD45813b_lo0104
Pair41	PD45813	PD45813b_lo0106
Pair41	PD45813	PD45813b_lo0107
Pair41	PD45813	PD45813b_lo0108
Pair41	PD45813	PD45813b_lo0109
Pair41	PD45813	PD45813b_lo0110
Pair41	PD45813	PD45813b_lo0111
Pair41	PD45813	PD45813b_lo0112
Pair41	PD45813	PD45813b_lo0114
Pair41	PD45813	PD45813b_lo0115
Pair41	PD45813	PD45813b_lo0116
Pair41	PD45813	PD45813b_lo0117
Pair41	PD45813	PD45813b_lo0119
Pair41	PD45813	PD45813b_lo0120
Pair41	PD45813	PD45813b_lo0122
Pair41	PD45813	PD45813b_lo0123
Pair41	PD45813	PD45813b_lo0126
Pair41	PD45813	PD45813b_lo0127
Pair41	PD45813	PD45813b_lo0128
Pair41	PD45813	PD45813b_lo0132
Pair41	PD45813	PD45813b_lo0133
Pair41	PD45813	PD45813b_lo0134
Pair41	PD45813	PD45813b_lo0135
Pair41	PD45813	PD45813b_lo0136
Pair41	PD45813	PD45813b_lo0137
Pair41	PD45813	PD45813b_lo0138
Pair41	PD45813	PD45813b_lo0139
Pair41	PD45813	PD45813b_lo0140
Pair41	PD45813	PD45813b_lo0141
Pair41	PD45813	PD45813b_lo0142
Pair41	PD45813	PD45813b_lo0143
Pair41	PD45813	PD45813b_lo0145
Pair41	PD45813	PD45813b_lo0146
Pair41	PD45813	PD45813b_lo0147
Pair41	PD45813	PD45813b_lo0148
Pair41	PD45813	PD45813b_lo0149
Pair41	PD45813	PD45813b_lo0150
Pair41	PD45813	PD45813b_lo0151
Pair41	PD45813	PD45813b_lo0155
Pair41	PD45813	PD45813b_lo0156
Pair41	PD45813	PD45813b_lo0159
Pair41	PD45813	PD45813b_lo0163
Pair41	PD45813	PD45813b_lo0166
Pair41	PD45813	PD45813b_lo0167
Pair41	PD45813	PD45813b_lo0170
Pair41	PD45813	PD45813b_lo0171
Pair41	PD45813	PD45813b_lo0172
Pair41	PD45813	PD45813b_lo0175
Pair41	PD45813	PD45813b_lo0179
Pair41	PD45813	PD45813b_lo0180
Pair41	PD45813	PD45813b_lo0183
Pair41	PD45813	PD45813b_lo0186
Pair41	PD45813	PD45813b_lo0187
Pair41	PD45813	PD45813b_lo0189
Pair41	PD45813	PD45813b_lo0191
Pair41	PD45813	PD45813b_lo0194
Pair41	PD45813	PD45813b_lo0195
Pair41	PD45813	PD45813b_lo0196
Pair41	PD45813	PD45813b_lo0197
Pair41	PD45813	PD45813b_lo0199
Pair41	PD45813	PD45813b_lo0201
Pair41	PD45813	PD45813b_lo0203
Pair41	PD45813	PD45813b_lo0206
Pair41	PD45813	PD45813b_lo0209
Pair41	PD45813	PD45813b_lo0211
Pair41	PD45813	PD45813b_lo0212
Pair41	PD45813	PD45813b_lo0215
Pair41	PD45813	PD45813b_lo0218
Pair41	PD45813	PD45813b_lo0219
Pair41	PD45813	PD45813b_lo0220
Pair41	PD45813	PD45813b_lo0223
Pair41	PD45813	PD45813b_lo0224
Pair41	PD45813	PD45813b_lo0227
Pair41	PD45813	PD45813b_lo0230
Pair41	PD45813	PD45813b_lo0235
Pair41	PD45813	PD45813b_lo0236
Pair41	PD45813	PD45813b_lo0240
Pair41	PD45813	PD45813b_lo0241
Pair41	PD45813	PD45813b_lo0242
Pair41	PD45813	PD45813b_lo0243
Pair41	PD45813	PD45813b_lo0245
Pair41	PD45813	PD45813b_lo0246
Pair41	PD45813	PD45813b_lo0247
Pair41	PD45813	PD45813b_lo0249
Pair41	PD45813	PD45813b_lo0250
Pair41	PD45813	PD45813b_lo0251
Pair41	PD45813	PD45813b_lo0252
Pair41	PD45813	PD45813b_lo0253
Pair41	PD45813	PD45813b_lo0254
Pair41	PD45813	PD45813b_lo0255
Pair41	PD45813	PD45813b_lo0257
Pair41	PD45813	PD45813b_lo0265
Pair41	PD45813	PD45813b_lo0268
Pair41	PD45813	PD45813b_lo0273
Pair41	PD45813	PD45813b_lo0277
Pair41	PD45813	PD45813b_lo0280
