donor	sample	arm	block	site	organ_group	status
PD50297	PD50297ab_lo0001	WGS_LCM	PD50297ab	Pineal gland	BRAIN	NORMAL
PD50297	PD50297ab_lo0002	WGS_LCM	PD50297ab	Pineal gland	BRAIN	NORMAL
PD50297	PD50297ab_lo0015	WGS_LCM	PD50297ab	Pineal gland	BRAIN	NORMAL
PD50297	PD50297ab_lo0016	WGS_LCM	PD50297ab	Pineal gland	BRAIN	NORMAL
PD50297	PD50297ab_lo0023	WGS_LCM	PD50297ab	Pineal gland	BRAIN	NORMAL
PD50297	PD50297ab_lo0026	WGS_LCM	PD50297ab	Pineal gland	BRAIN	NORMAL
PD50297	PD50297ab_lo0027	WGS_LCM	PD50297ab	Pineal gland	BRAIN	NORMAL
PD50297	PD50297ac_lo0001	WGS_LCM	PD50297ac	Cerebellum, interface with tumour, left	BRAIN	TUMOUR
PD50297	PD50297ac_lo0002	WGS_LCM	PD50297ac	Cerebellum, interface with tumour, left	BRAIN	TUMOUR
PD50297	PD50297ac_lo0003	WGS_LCM	PD50297ac	Cerebellum, interface with tumour, left	BRAIN	TUMOUR
PD50297	PD50297ac_lo0005	WGS_LCM	PD50297ac	Cerebellum, interface with tumour, left	BRAIN	TUMOUR
PD50297	PD50297ac_lo0007	WGS_LCM	PD50297ac	Cerebellum, interface with tumour, left	BRAIN	TUMOUR
PD50297	PD50297ac_lo0008	WGS_LCM	PD50297ac	Cerebellum, interface with tumour, left	BRAIN	TUMOUR
PD50297	PD50297ac_lo0010	WGS_LCM	PD50297ac	Cerebellum, interface with tumour, left	BRAIN	TUMOUR
PD50297	PD50297ac_lo0014	WGS_LCM	PD50297ac	Cerebellum, interface with tumour, left	BRAIN	TUMOUR
PD50297	PD50297ac_lo0015	WGS_LCM	PD50297ac	Cerebellum, interface with tumour, left	BRAIN	TUMOUR
PD50297	PD50297ac_lo0016	WGS_LCM	PD50297ac	Cerebellum, interface with tumour, left	BRAIN	TUMOUR
PD50297	PD50297ac_lo0018	WGS_LCM	PD50297ac	Cerebellum, interface with tumour, left	BRAIN	TUMOUR
PD50297	PD50297ad	WGS_bulk	PD50297ad	Midbrain, tumour	BRAIN	TUMOUR
PD50297	PD50297ad_lo0002	WGS_LCM	PD50297ad	Midbrain, tumour	BRAIN	TUMOUR
PD50297	PD50297ad_lo0007	WGS_LCM	PD50297ad	Midbrain, tumour	BRAIN	TUMOUR
PD50297	PD50297ad_lo0009	WGS_LCM	PD50297ad	Midbrain, tumour	BRAIN	TUMOUR
PD50297	PD50297ad_lo0010	WGS_LCM	PD50297ad	Midbrain, tumour	BRAIN	TUMOUR
PD50297	PD50297ae	WGS_bulk	PD50297ae	Hippocampus, right	BRAIN	NORMAL
PD50297	PD50297ae_lo0008	WGS_LCM	PD50297ae	Hippocampus, right	BRAIN	NORMAL
PD50297	PD50297ae_lo0009	WGS_LCM	PD50297ae	Hippocampus, right	BRAIN	NORMAL
PD50297	PD50297ae_lo0010	WGS_LCM	PD50297ae	Hippocampus, right	BRAIN	NORMAL
PD50297	PD50297ae_lo0012	WGS_LCM	PD50297ae	Hippocampus, right	BRAIN	NORMAL
PD50297	PD50297ae_lo0015	WGS_LCM	PD50297ae	Hippocampus, right	BRAIN	NORMAL
PD50297	PD50297ae_lo0017	WGS_LCM	PD50297ae	Hippocampus, right	BRAIN	NORMAL
PD50297	PD50297ae_lo0018	WGS_LCM	PD50297ae	Hippocampus, right	BRAIN	NORMAL
PD50297	PD50297ae_lo0020	WGS_LCM	PD50297ae	Hippocampus, right	BRAIN	NORMAL
PD50297	PD50297ae_lo0022	WGS_LCM	PD50297ae	Hippocampus, right	BRAIN	NORMAL
PD50297	PD50297ae_lo0024	WGS_LCM	PD50297ae	Hippocampus, right	BRAIN	NORMAL
PD50297	PD50297af	WGS_bulk	PD50297af	Lateral ventricle SVZ, left	BRAIN	NORMAL
PD50297	PD50297af_lo0001	WGS_LCM	PD50297af	Lateral ventricle SVZ, left	BRAIN	NORMAL
PD50297	PD50297af_lo0002	WGS_LCM	PD50297af	Lateral ventricle SVZ, left	BRAIN	NORMAL
PD50297	PD50297af_lo0003	WGS_LCM	PD50297af	Lateral ventricle SVZ, left	BRAIN	NORMAL
PD50297	PD50297af_lo0004	WGS_LCM	PD50297af	Lateral ventricle SVZ, left	BRAIN	NORMAL
PD50297	PD50297af_lo0005	WGS_LCM	PD50297af	Lateral ventricle SVZ, left	BRAIN	NORMAL
PD50297	PD50297af_lo0009	WGS_LCM	PD50297af	Lateral ventricle SVZ, left	BRAIN	NORMAL
PD50297	PD50297af_lo0012	WGS_LCM	PD50297af	Lateral ventricle SVZ, left	BRAIN	NORMAL
PD50297	PD50297ah	WGS_bulk	PD50297ah	Lateral ventricle SVZ, right	BRAIN	NORMAL
PD50297	PD50297ah_lo0003	WGS_LCM	PD50297ah	Lateral ventricle SVZ, right	BRAIN	NORMAL
PD50297	PD50297ah_lo0006	WGS_LCM	PD50297ah	Lateral ventricle SVZ, right	BRAIN	NORMAL
PD50297	PD50297ah_lo0009	WGS_LCM	PD50297ah	Lateral ventricle SVZ, right	BRAIN	NORMAL
PD50297	PD50297ai	WGS_bulk	PD50297ai	Septum pellucidum, tumour	BRAIN	TUMOUR
PD50297	PD50297ai_lo0007	WGS_LCM	PD50297ai	Septum pellucidum, tumour	BRAIN	TUMOUR
PD50297	PD50297aj_lo0001	WGS_LCM	PD50297aj	Midbrain, adjacent to tumour, left	BRAIN	TUMOUR
PD50297	PD50297aj_lo0006	WGS_LCM	PD50297aj	Midbrain, adjacent to tumour, left	BRAIN	TUMOUR
PD50297	PD50297aj_lo0014	WGS_LCM	PD50297aj	Midbrain, adjacent to tumour, left	BRAIN	TUMOUR
PD50297	PD50297ak	WGS_bulk	PD50297ak	Cerebellum, left	BRAIN	NORMAL
PD50297	PD50297ak_lo0005	WGS_LCM	PD50297ak	Cerebellum, left	BRAIN	NORMAL
PD50297	PD50297ak_lo0009	WGS_LCM	PD50297ak	Cerebellum, left	BRAIN	NORMAL
PD50297	PD50297ak_lo0010	WGS_LCM	PD50297ak	Cerebellum, left	BRAIN	NORMAL
PD50297	PD50297ak_lo0013	WGS_LCM	PD50297ak	Cerebellum, left	BRAIN	NORMAL
PD50297	PD50297ak_lo0015	WGS_LCM	PD50297ak	Cerebellum, left	BRAIN	NORMAL
PD50297	PD50297ak_lo0016	WGS_LCM	PD50297ak	Cerebellum, left	BRAIN	NORMAL
PD50297	PD50297ak_lo0017	WGS_LCM	PD50297ak	Cerebellum, left	BRAIN	NORMAL
PD50297	PD50297ak_lo0018	WGS_LCM	PD50297ak	Cerebellum, left	BRAIN	NORMAL
PD50297	PD50297ak_lo0020	WGS_LCM	PD50297ak	Cerebellum, left	BRAIN	NORMAL
PD50297	PD50297al	WGS_bulk	PD50297al	Cerebellum, right	BRAIN	NORMAL
PD50297	PD50297al_lo0001	WGS_LCM	PD50297al	Cerebellum, right	BRAIN	NORMAL
PD50297	PD50297al_lo0002	WGS_LCM	PD50297al	Cerebellum, right	BRAIN	NORMAL
PD50297	PD50297al_lo0007	WGS_LCM	PD50297al	Cerebellum, right	BRAIN	NORMAL
PD50297	PD50297al_lo0008	WGS_LCM	PD50297al	Cerebellum, right	BRAIN	NORMAL
PD50297	PD50297al_lo0009	WGS_LCM	PD50297al	Cerebellum, right	BRAIN	NORMAL
PD50297	PD50297al_lo0011	WGS_LCM	PD50297al	Cerebellum, right	BRAIN	NORMAL
PD50297	PD50297al_lo0012	WGS_LCM	PD50297al	Cerebellum, right	BRAIN	NORMAL
PD50297	PD50297al_lo0013	WGS_LCM	PD50297al	Cerebellum, right	BRAIN	NORMAL
PD50297	PD50297al_lo0014	WGS_LCM	PD50297al	Cerebellum, right	BRAIN	NORMAL
PD50297	PD50297al_lo0015	WGS_LCM	PD50297al	Cerebellum, right	BRAIN	NORMAL
PD50297	PD50297am	WGS_bulk	PD50297am	Hypothalamus, tumour, right	BRAIN	TUMOUR
PD50297	PD50297am_lo0001	WGS_LCM	PD50297am	Hypothalamus, tumour, right	BRAIN	TUMOUR
PD50297	PD50297am_lo0004	WGS_LCM	PD50297am	Hypothalamus, tumour, right	BRAIN	TUMOUR
PD50297	PD50297am_lo0007	WGS_LCM	PD50297am	Hypothalamus, tumour, right	BRAIN	TUMOUR
PD50297	PD50297am_lo0011	WGS_LCM	PD50297am	Hypothalamus, tumour, right	BRAIN	TUMOUR
PD50297	PD50297am_lo0014	WGS_LCM	PD50297am	Hypothalamus, tumour, right	BRAIN	TUMOUR
PD50297	PD50297an	WGS_bulk	PD50297an	Hypothalamus, tumour, left	BRAIN	TUMOUR
PD50297	PD50297an_lo0002	WGS_LCM	PD50297an	Hypothalamus, tumour, left	BRAIN	TUMOUR
PD50297	PD50297an_lo0003	WGS_LCM	PD50297an	Hypothalamus, tumour, left	BRAIN	TUMOUR
PD50297	PD50297an_lo0015	WGS_LCM	PD50297an	Hypothalamus, tumour, left	BRAIN	TUMOUR
PD50297	PD50297an_lo0016	WGS_LCM	PD50297an	Hypothalamus, tumour, left	BRAIN	TUMOUR
PD50297	PD50297ao	WGS_bulk	PD50297ao	Pia-arachnoid meninges	BRAIN	NORMAL
PD50297	PD50297ao_lo0010	WGS_LCM	PD50297ao	Pia-arachnoid meninges	BRAIN	NORMAL
PD50297	PD50297ap_lo0012	WGS_LCM	PD50297ap	Sciatic nerve, left	PERIPHERAL_NERVE	NORMAL
PD50297	PD50297ap_lo0014	WGS_LCM	PD50297ap	Sciatic nerve, left	PERIPHERAL_NERVE	NORMAL
PD50297	PD50297ap_lo0018	WGS_LCM	PD50297ap	Sciatic nerve, left	PERIPHERAL_NERVE	NORMAL
PD50297	PD50297aq	WGS_bulk	PD50297aq	Frontal cortex, left	BRAIN	NORMAL
PD50297	PD50297aq_lo0003	WGS_LCM	PD50297aq	Frontal cortex, left	BRAIN	NORMAL
PD50297	PD50297aq_lo0005	WGS_LCM	PD50297aq	Frontal cortex, left	BRAIN	NORMAL
PD50297	PD50297aq_lo0028	WGS_LCM	PD50297aq	Frontal cortex, left	BRAIN	NORMAL
PD50297	PD50297ar	WGS_bulk	PD50297ar	Parietal cortex, left	BRAIN	NORMAL
PD50297	PD50297ar_lo0007	WGS_LCM	PD50297ar	Parietal cortex, left	BRAIN	NORMAL
PD50297	PD50297ar_lo0020	WGS_LCM	PD50297ar	Parietal cortex, left	BRAIN	NORMAL
PD50297	PD50297as	WGS_bulk	PD50297as	Frontal cortex, right	BRAIN	NORMAL
PD50297	PD50297as_lo0014	WGS_LCM	PD50297as	Frontal cortex, right	BRAIN	NORMAL
PD50297	PD50297at	WGS_bulk	PD50297at	Pons, tumour, right	BRAIN	TUMOUR
PD50297	PD50297at_lo0002	WGS_LCM	PD50297at	Pons, tumour, right	BRAIN	TUMOUR
PD50297	PD50297at_lo0005	WGS_LCM	PD50297at	Pons, tumour, right	BRAIN	TUMOUR
PD50297	PD50297at_lo0007	WGS_LCM	PD50297at	Pons, tumour, right	BRAIN	TUMOUR
PD50297	PD50297at_lo0008	WGS_LCM	PD50297at	Pons, tumour, right	BRAIN	TUMOUR
PD50297	PD50297at_lo0009	WGS_LCM	PD50297at	Pons, tumour, right	BRAIN	TUMOUR
PD50297	PD50297at_lo0011	WGS_LCM	PD50297at	Pons, tumour, right	BRAIN	TUMOUR
PD50297	PD50297at_lo0013	WGS_LCM	PD50297at	Pons, tumour, right	BRAIN	TUMOUR
PD50297	PD50297au	WGS_bulk	PD50297au	Pyramid, tumour	BRAIN	TUMOUR
PD50297	PD50297au_lo0001	WGS_LCM	PD50297au	Pyramid, tumour	BRAIN	TUMOUR
PD50297	PD50297au_lo0002	WGS_LCM	PD50297au	Pyramid, tumour	BRAIN	TUMOUR
PD50297	PD50297au_lo0004	WGS_LCM	PD50297au	Pyramid, tumour	BRAIN	TUMOUR
PD50297	PD50297au_lo0005	WGS_LCM	PD50297au	Pyramid, tumour	BRAIN	TUMOUR
PD50297	PD50297au_lo0006	WGS_LCM	PD50297au	Pyramid, tumour	BRAIN	TUMOUR
PD50297	PD50297au_lo0009	WGS_LCM	PD50297au	Pyramid, tumour	BRAIN	TUMOUR
PD50297	PD50297au_lo0010	WGS_LCM	PD50297au	Pyramid, tumour	BRAIN	TUMOUR
PD50297	PD50297au_lo0011	WGS_LCM	PD50297au	Pyramid, tumour	BRAIN	TUMOUR
PD50297	PD50297av	WGS_bulk	PD50297av	Cerebellum, tumour, right	BRAIN	TUMOUR
PD50297	PD50297av_lo0001	WGS_LCM	PD50297av	Cerebellum, tumour, right	BRAIN	TUMOUR
PD50297	PD50297av_lo0003	WGS_LCM	PD50297av	Cerebellum, tumour, right	BRAIN	TUMOUR
PD50297	PD50297av_lo0004	WGS_LCM	PD50297av	Cerebellum, tumour, right	BRAIN	TUMOUR
PD50297	PD50297av_lo0007	WGS_LCM	PD50297av	Cerebellum, tumour, right	BRAIN	TUMOUR
PD50297	PD50297av_lo0014	WGS_LCM	PD50297av	Cerebellum, tumour, right	BRAIN	TUMOUR
PD50297	PD50297av_lo0016	WGS_LCM	PD50297av	Cerebellum, tumour, right	BRAIN	TUMOUR
PD50297	PD50297aw	WGS_bulk	PD50297aw	Cerebellum, tumour, left	BRAIN	TUMOUR
PD50297	PD50297aw_lo0001	WGS_LCM	PD50297aw	Cerebellum, tumour, left	BRAIN	TUMOUR
PD50297	PD50297aw_lo0002	WGS_LCM	PD50297aw	Cerebellum, tumour, left	BRAIN	TUMOUR
PD50297	PD50297aw_lo0004	WGS_LCM	PD50297aw	Cerebellum, tumour, left	BRAIN	TUMOUR
PD50297	PD50297aw_lo0006	WGS_LCM	PD50297aw	Cerebellum, tumour, left	BRAIN	TUMOUR
PD50297	PD50297aw_lo0007	WGS_LCM	PD50297aw	Cerebellum, tumour, left	BRAIN	TUMOUR
PD50297	PD50297aw_lo0009	WGS_LCM	PD50297aw	Cerebellum, tumour, left	BRAIN	TUMOUR
PD50297	PD50297aw_lo0010	WGS_LCM	PD50297aw	Cerebellum, tumour, left	BRAIN	TUMOUR
PD50297	PD50297aw_lo0012	WGS_LCM	PD50297aw	Cerebellum, tumour, left	BRAIN	TUMOUR
PD50297	PD50297ax	WGS_bulk	PD50297ax	Pons, tumour, left	BRAIN	TUMOUR
PD50297	PD50297ax_lo0004	WGS_LCM	PD50297ax	Pons, tumour, left	BRAIN	TUMOUR
PD50297	PD50297ax_lo0005	WGS_LCM	PD50297ax	Pons, tumour, left	BRAIN	TUMOUR
PD50297	PD50297ax_lo0007	WGS_LCM	PD50297ax	Pons, tumour, left	BRAIN	TUMOUR
PD50297	PD50297ax_lo0011	WGS_LCM	PD50297ax	Pons, tumour, left	BRAIN	TUMOUR
PD50297	PD50297ax_lo0013	WGS_LCM	PD50297ax	Pons, tumour, left	BRAIN	TUMOUR
PD50297	PD50297ax_lo0015	WGS_LCM	PD50297ax	Pons, tumour, left	BRAIN	TUMOUR
PD50297	PD50297ay_lo0002	WGS_LCM	PD50297ay	Cerebellum, interface with tumour, right	BRAIN	TUMOUR
PD50297	PD50297ay_lo0003	WGS_LCM	PD50297ay	Cerebellum, interface with tumour, right	BRAIN	TUMOUR
PD50297	PD50297ay_lo0017	WGS_LCM	PD50297ay	Cerebellum, interface with tumour, right	BRAIN	TUMOUR
PD50297	PD50297ay_lo0024	WGS_LCM	PD50297ay	Cerebellum, interface with tumour, right	BRAIN	TUMOUR
PD50297	PD50297ay_lo0026	WGS_LCM	PD50297ay	Cerebellum, interface with tumour, right	BRAIN	TUMOUR
PD50297	PD50297ay_lo0031	WGS_LCM	PD50297ay	Cerebellum, interface with tumour, right	BRAIN	TUMOUR
PD50297	PD50297ay_lo0034	WGS_LCM	PD50297ay	Cerebellum, interface with tumour, right	BRAIN	TUMOUR
PD50297	PD50297ay_lo0038	WGS_LCM	PD50297ay	Cerebellum, interface with tumour, right	BRAIN	TUMOUR
PD50297	PD50297b	WGS_bulk	PD50297b	Blood	OTHER_VISCERA	NORMAL
PD50297	PD50297c_lo0001	WGS_LCM	PD50297c	Small bowel 1	OTHER_VISCERA	NORMAL
PD50297	PD50297c_lo0002	WGS_LCM	PD50297c	Small bowel 1	OTHER_VISCERA	NORMAL
PD50297	PD50297c_lo0008	WGS_LCM	PD50297c	Small bowel 1	OTHER_VISCERA	NORMAL
PD50297	PD50297d_lo0005	WGS_LCM	PD50297d	Small bowel 2	OTHER_VISCERA	NORMAL
PD50297	PD50297d_lo0009	WGS_LCM	PD50297d	Small bowel 2	OTHER_VISCERA	NORMAL
PD50297	PD50297d_lo0021	WGS_LCM	PD50297d	Small bowel 2	OTHER_VISCERA	NORMAL
PD50297	PD50297e_lo0008	WGS_LCM	PD50297e	Terminal ileum	OTHER_VISCERA	NORMAL
PD50297	PD50297f_lo0018	WGS_LCM	PD50297f	Appendix	OTHER_VISCERA	NORMAL
PD50297	PD50297f_lo0019	WGS_LCM	PD50297f	Appendix	OTHER_VISCERA	NORMAL
PD50297	PD50297f_lo0020	WGS_LCM	PD50297f	Appendix	OTHER_VISCERA	NORMAL
PD50297	PD50297f_lo0022	WGS_LCM	PD50297f	Appendix	OTHER_VISCERA	NORMAL
PD50297	PD50297f_lo0025	WGS_LCM	PD50297f	Appendix	OTHER_VISCERA	NORMAL
PD50297	PD50297f_lo0030	WGS_LCM	PD50297f	Appendix	OTHER_VISCERA	NORMAL
PD50297	PD50297f_lo0031	WGS_LCM	PD50297f	Appendix	OTHER_VISCERA	NORMAL
PD50297	PD50297g_lo0001	WGS_LCM	PD50297g	Large bowel 1	OTHER_VISCERA	NORMAL
PD50297	PD50297g_lo0002	WGS_LCM	PD50297g	Large bowel 1	OTHER_VISCERA	NORMAL
PD50297	PD50297g_lo0003	WGS_LCM	PD50297g	Large bowel 1	OTHER_VISCERA	NORMAL
PD50297	PD50297g_lo0004	WGS_LCM	PD50297g	Large bowel 1	OTHER_VISCERA	NORMAL
PD50297	PD50297g_lo0005	WGS_LCM	PD50297g	Large bowel 1	OTHER_VISCERA	NORMAL
PD50297	PD50297g_lo0006	WGS_LCM	PD50297g	Large bowel 1	OTHER_VISCERA	NORMAL
PD50297	PD50297g_lo0007	WGS_LCM	PD50297g	Large bowel 1	OTHER_VISCERA	NORMAL
PD50297	PD50297g_lo0008	WGS_LCM	PD50297g	Large bowel 1	OTHER_VISCERA	NORMAL
PD50297	PD50297g_lo0009	WGS_LCM	PD50297g	Large bowel 1	OTHER_VISCERA	NORMAL
PD50297	PD50297g_lo0011	WGS_LCM	PD50297g	Large bowel 1	OTHER_VISCERA	NORMAL
PD50297	PD50297g_lo0012	WGS_LCM	PD50297g	Large bowel 1	OTHER_VISCERA	NORMAL
PD50297	PD50297g_lo0013	WGS_LCM	PD50297g	Large bowel 1	OTHER_VISCERA	NORMAL
PD50297	PD50297g_lo0014	WGS_LCM	PD50297g	Large bowel 1	OTHER_VISCERA	NORMAL
PD50297	PD50297g_lo0015	WGS_LCM	PD50297g	Large bowel 1	OTHER_VISCERA	NORMAL
PD50297	PD50297g_lo0016	WGS_LCM	PD50297g	Large bowel 1	OTHER_VISCERA	NORMAL
PD50297	PD50297g_lo0017	WGS_LCM	PD50297g	Large bowel 1	OTHER_VISCERA	NORMAL
PD50297	PD50297g_lo0018	WGS_LCM	PD50297g	Large bowel 1	OTHER_VISCERA	NORMAL
PD50297	PD50297g_lo0019	WGS_LCM	PD50297g	Large bowel 1	OTHER_VISCERA	NORMAL
PD50297	PD50297g_lo0020	WGS_LCM	PD50297g	Large bowel 1	OTHER_VISCERA	NORMAL
PD50297	PD50297h_lo0002	WGS_LCM	PD50297h	Large bowel 2	OTHER_VISCERA	NORMAL
PD50297	PD50297h_lo0003	WGS_LCM	PD50297h	Large bowel 2	OTHER_VISCERA	NORMAL
PD50297	PD50297h_lo0009	WGS_LCM	PD50297h	Large bowel 2	OTHER_VISCERA	NORMAL
PD50297	PD50297h_lo0011	WGS_LCM	PD50297h	Large bowel 2	OTHER_VISCERA	NORMAL
PD50297	PD50297h_lo0012	WGS_LCM	PD50297h	Large bowel 2	OTHER_VISCERA	NORMAL
PD50297	PD50297i_lo0001	WGS_LCM	PD50297i	Large bowel 3	OTHER_VISCERA	NORMAL
PD50297	PD50297i_lo0002	WGS_LCM	PD50297i	Large bowel 3	OTHER_VISCERA	NORMAL
PD50297	PD50297i_lo0003	WGS_LCM	PD50297i	Large bowel 3	OTHER_VISCERA	NORMAL
PD50297	PD50297i_lo0006	WGS_LCM	PD50297i	Large bowel 3	OTHER_VISCERA	NORMAL
PD50297	PD50297i_lo0007	WGS_LCM	PD50297i	Large bowel 3	OTHER_VISCERA	NORMAL
PD50297	PD50297i_lo0008	WGS_LCM	PD50297i	Large bowel 3	OTHER_VISCERA	NORMAL
PD50297	PD50297j_lo0004	WGS_LCM	PD50297j	Bladder 1	OTHER_VISCERA	NORMAL
PD50297	PD50297j_lo0006	WGS_LCM	PD50297j	Bladder 1	OTHER_VISCERA	NORMAL
PD50297	PD50297j_lo0007	WGS_LCM	PD50297j	Bladder 1	OTHER_VISCERA	NORMAL
PD50297	PD50297k_lo0002	WGS_LCM	PD50297k	Bladder 2	OTHER_VISCERA	NORMAL
PD50297	PD50297k_lo0006	WGS_LCM	PD50297k	Bladder 2	OTHER_VISCERA	NORMAL
PD50297	PD50297k_lo0010	WGS_LCM	PD50297k	Bladder 2	OTHER_VISCERA	NORMAL
PD50297	PD50297l_lo0001	WGS_LCM	PD50297l	Stomach 1	OTHER_VISCERA	NORMAL
PD50297	PD50297l_lo0006	WGS_LCM	PD50297l	Stomach 1	OTHER_VISCERA	NORMAL
PD50297	PD50297l_lo0010	WGS_LCM	PD50297l	Stomach 1	OTHER_VISCERA	NORMAL
PD50297	PD50297m_lo0011	WGS_LCM	PD50297m	Stomach 2	OTHER_VISCERA	NORMAL
PD50297	PD50297m_lo0012	WGS_LCM	PD50297m	Stomach 2	OTHER_VISCERA	NORMAL
PD50297	PD50297m_lo0014	WGS_LCM	PD50297m	Stomach 2	OTHER_VISCERA	NORMAL
PD50297	PD50297n_lo0001	WGS_LCM	PD50297n	Adrenal gland 1	OTHER_VISCERA	NORMAL
PD50297	PD50297n_lo0005	WGS_LCM	PD50297n	Adrenal gland 1	OTHER_VISCERA	NORMAL
PD50297	PD50297n_lo0012	WGS_LCM	PD50297n	Adrenal gland 1	OTHER_VISCERA	NORMAL
PD50297	PD50297n_lo0020	WGS_LCM	PD50297n	Adrenal gland 1	OTHER_VISCERA	NORMAL
PD50297	PD50297n_lo0022	WGS_LCM	PD50297n	Adrenal gland 1	OTHER_VISCERA	NORMAL
PD50297	PD50297n_lo0024	WGS_LCM	PD50297n	Adrenal gland 1	OTHER_VISCERA	NORMAL
PD50297	PD50297n_lo0027	WGS_LCM	PD50297n	Adrenal gland 1	OTHER_VISCERA	NORMAL
PD50297	PD50297n_lo0030	WGS_LCM	PD50297n	Adrenal gland 1	OTHER_VISCERA	NORMAL
PD50297	PD50297n_lo0032	WGS_LCM	PD50297n	Adrenal gland 1	OTHER_VISCERA	NORMAL
PD50297	PD50297n_lo0033	WGS_LCM	PD50297n	Adrenal gland 1	OTHER_VISCERA	NORMAL
PD50297	PD50297n_lo0034	WGS_LCM	PD50297n	Adrenal gland 1	OTHER_VISCERA	NORMAL
PD50297	PD50297n_lo0037	WGS_LCM	PD50297n	Adrenal gland 1	OTHER_VISCERA	NORMAL
PD50297	PD50297n_lo0040	WGS_LCM	PD50297n	Adrenal gland 1	OTHER_VISCERA	NORMAL
PD50297	PD50297o_lo0001	WGS_LCM	PD50297o	Adrenal gland 2	OTHER_VISCERA	NORMAL
PD50297	PD50297o_lo0002	WGS_LCM	PD50297o	Adrenal gland 2	OTHER_VISCERA	NORMAL
PD50297	PD50297o_lo0004	WGS_LCM	PD50297o	Adrenal gland 2	OTHER_VISCERA	NORMAL
PD50297	PD50297o_lo0007	WGS_LCM	PD50297o	Adrenal gland 2	OTHER_VISCERA	NORMAL
PD50297	PD50297o_lo0008	WGS_LCM	PD50297o	Adrenal gland 2	OTHER_VISCERA	NORMAL
PD50297	PD50297o_lo0009	WGS_LCM	PD50297o	Adrenal gland 2	OTHER_VISCERA	NORMAL
PD50297	PD50297o_lo0018	WGS_LCM	PD50297o	Adrenal gland 2	OTHER_VISCERA	NORMAL
PD50297	PD50297o_lo0020	WGS_LCM	PD50297o	Adrenal gland 2	OTHER_VISCERA	NORMAL
PD50297	PD50297o_lo0022	WGS_LCM	PD50297o	Adrenal gland 2	OTHER_VISCERA	NORMAL
PD50297	PD50297o_lo0024	WGS_LCM	PD50297o	Adrenal gland 2	OTHER_VISCERA	NORMAL
PD50297	PD50297o_lo0025	WGS_LCM	PD50297o	Adrenal gland 2	OTHER_VISCERA	NORMAL
PD50297	PD50297o_lo0026	WGS_LCM	PD50297o	Adrenal gland 2	OTHER_VISCERA	NORMAL
PD50297	PD50297o_lo0027	WGS_LCM	PD50297o	Adrenal gland 2	OTHER_VISCERA	NORMAL
PD50297	PD50297p	WGS_bulk	PD50297p	Thyroid	OTHER_VISCERA	NORMAL
PD50297	PD50297p_lo0002	WGS_LCM	PD50297p	Thyroid	OTHER_VISCERA	NORMAL
PD50297	PD50297p_lo0003	WGS_LCM	PD50297p	Thyroid	OTHER_VISCERA	NORMAL
PD50297	PD50297p_lo0004	WGS_LCM	PD50297p	Thyroid	OTHER_VISCERA	NORMAL
PD50297	PD50297p_lo0006	WGS_LCM	PD50297p	Thyroid	OTHER_VISCERA	NORMAL
PD50297	PD50297p_lo0011	WGS_LCM	PD50297p	Thyroid	OTHER_VISCERA	NORMAL
PD50297	PD50297p_lo0012	WGS_LCM	PD50297p	Thyroid	OTHER_VISCERA	NORMAL
PD50297	PD50297p_lo0013	WGS_LCM	PD50297p	Thyroid	OTHER_VISCERA	NORMAL
PD50297	PD50297p_lo0014	WGS_LCM	PD50297p	Thyroid	OTHER_VISCERA	NORMAL
PD50297	PD50297p_lo0015	WGS_LCM	PD50297p	Thyroid	OTHER_VISCERA	NORMAL
PD50297	PD50297q	WGS_bulk	PD50297q	Spleen	OTHER_VISCERA	NORMAL
PD50297	PD50297q_lo0001	WGS_LCM	PD50297q	Spleen	OTHER_VISCERA	NORMAL
PD50297	PD50297q_lo0005	WGS_LCM	PD50297q	Spleen	OTHER_VISCERA	NORMAL
PD50297	PD50297q_lo0007	WGS_LCM	PD50297q	Spleen	OTHER_VISCERA	NORMAL
PD50297	PD50297q_lo0011	WGS_LCM	PD50297q	Spleen	OTHER_VISCERA	NORMAL
PD50297	PD50297q_lo0016	WGS_LCM	PD50297q	Spleen	OTHER_VISCERA	NORMAL
PD50297	PD50297q_lo0020	WGS_LCM	PD50297q	Spleen	OTHER_VISCERA	NORMAL
PD50297	PD50297q_lo0021	WGS_LCM	PD50297q	Spleen	OTHER_VISCERA	NORMAL
PD50297	PD50297q_lo0024	WGS_LCM	PD50297q	Spleen	OTHER_VISCERA	NORMAL
PD50297	PD50297r	WGS_bulk	PD50297r	Left ventricle	BRAIN	NORMAL
PD50297	PD50297r_lo0004	WGS_LCM	PD50297r	Left ventricle	BRAIN	NORMAL
PD50297	PD50297r_lo0008	WGS_LCM	PD50297r	Left ventricle	BRAIN	NORMAL
PD50297	PD50297r_lo0010	WGS_LCM	PD50297r	Left ventricle	BRAIN	NORMAL
PD50297	PD50297r_lo0016	WGS_LCM	PD50297r	Left ventricle	BRAIN	NORMAL
PD50297	PD50297s	WGS_bulk	PD50297s	Kidney 1	OTHER_VISCERA	NORMAL
PD50297	PD50297s_lo0002	WGS_LCM	PD50297s	Kidney 1	OTHER_VISCERA	NORMAL
PD50297	PD50297s_lo0010	WGS_LCM	PD50297s	Kidney 1	OTHER_VISCERA	NORMAL
PD50297	PD50297s_lo0013	WGS_LCM	PD50297s	Kidney 1	OTHER_VISCERA	NORMAL
PD50297	PD50297s_lo0018	WGS_LCM	PD50297s	Kidney 1	OTHER_VISCERA	NORMAL
PD50297	PD50297s_lo0022	WGS_LCM	PD50297s	Kidney 1	OTHER_VISCERA	NORMAL
PD50297	PD50297s_lo0024	WGS_LCM	PD50297s	Kidney 1	OTHER_VISCERA	NORMAL
PD50297	PD50297t	WGS_bulk	PD50297t	Kidney 2	OTHER_VISCERA	NORMAL
PD50297	PD50297t_lo0007	WGS_LCM	PD50297t	Kidney 2	OTHER_VISCERA	NORMAL
PD50297	PD50297t_lo0008	WGS_LCM	PD50297t	Kidney 2	OTHER_VISCERA	NORMAL
PD50297	PD50297t_lo0012	WGS_LCM	PD50297t	Kidney 2	OTHER_VISCERA	NORMAL
PD50297	PD50297t_lo0014	WGS_LCM	PD50297t	Kidney 2	OTHER_VISCERA	NORMAL
PD50297	PD50297t_lo0018	WGS_LCM	PD50297t	Kidney 2	OTHER_VISCERA	NORMAL
PD50297	PD50297t_lo0019	WGS_LCM	PD50297t	Kidney 2	OTHER_VISCERA	NORMAL
PD50297	PD50297u	WGS_bulk	PD50297u	Liver, peripheral	OTHER_VISCERA	NORMAL
PD50297	PD50297u_lo0001	WGS_LCM	PD50297u	Liver, peripheral	OTHER_VISCERA	NORMAL
PD50297	PD50297u_lo0007	WGS_LCM	PD50297u	Liver, peripheral	OTHER_VISCERA	NORMAL
PD50297	PD50297u_lo0012	WGS_LCM	PD50297u	Liver, peripheral	OTHER_VISCERA	NORMAL
PD50297	PD50297v_lo0001	WGS_LCM	PD50297v	Liver, hilar	OTHER_VISCERA	NORMAL
PD50297	PD50297v_lo0006	WGS_LCM	PD50297v	Liver, hilar	OTHER_VISCERA	NORMAL
PD50297	PD50297v_lo0011	WGS_LCM	PD50297v	Liver, hilar	OTHER_VISCERA	NORMAL
PD50297	PD50297w_lo0002	WGS_LCM	PD50297w	Trachea	OTHER_VISCERA	NORMAL
PD50297	PD50297w_lo0003	WGS_LCM	PD50297w	Trachea	OTHER_VISCERA	NORMAL
PD50297	PD50297w_lo0010	WGS_LCM	PD50297w	Trachea	OTHER_VISCERA	NORMAL
PD50297	PD50297w_lo0016	WGS_LCM	PD50297w	Trachea	OTHER_VISCERA	NORMAL
PD50297	PD50297x_lo0004	WGS_LCM	PD50297x	Bronchus, left main	OTHER_VISCERA	NORMAL
PD50297	PD50297x_lo0005	WGS_LCM	PD50297x	Bronchus, left main	OTHER_VISCERA	NORMAL
PD50297	PD50297x_lo0006	WGS_LCM	PD50297x	Bronchus, left main	OTHER_VISCERA	NORMAL
PD50297	PD50297x_lo0007	WGS_LCM	PD50297x	Bronchus, left main	OTHER_VISCERA	NORMAL
PD50297	PD50297x_lo0008	WGS_LCM	PD50297x	Bronchus, left main	OTHER_VISCERA	NORMAL
PD50297	PD50297x_lo0015	WGS_LCM	PD50297x	Bronchus, left main	OTHER_VISCERA	NORMAL
PD50297	PD50297x_lo0019	WGS_LCM	PD50297x	Bronchus, left main	OTHER_VISCERA	NORMAL
PD50297	PD50297x_lo0020	WGS_LCM	PD50297x	Bronchus, left main	OTHER_VISCERA	NORMAL
PD50297	PD50297y_lo0003	WGS_LCM	PD50297y	Skin	OTHER_VISCERA	NORMAL
PD50297	PD50297y_lo0007	WGS_LCM	PD50297y	Skin	OTHER_VISCERA	NORMAL
PD50297	PD50297y_lo0010	WGS_LCM	PD50297y	Skin	OTHER_VISCERA	NORMAL
PD50297	PD50297y_lo0011	WGS_LCM	PD50297y	Skin	OTHER_VISCERA	NORMAL
PD50297	PD50297y_lo0013	WGS_LCM	PD50297y	Skin	OTHER_VISCERA	NORMAL
PD50297	PD50297y_lo0014	WGS_LCM	PD50297y	Skin	OTHER_VISCERA	NORMAL
PD50297	PD50297y_lo0016	WGS_LCM	PD50297y	Skin	OTHER_VISCERA	NORMAL
PD50297	PD50297y_lo0017	WGS_LCM	PD50297y	Skin	OTHER_VISCERA	NORMAL
PD50297	PD50297y_lo0019	WGS_LCM	PD50297y	Skin	OTHER_VISCERA	NORMAL
PD50297	PD50297y_lo0020	WGS_LCM	PD50297y	Skin	OTHER_VISCERA	NORMAL
PD50297	PD50297z_lo0001	WGS_LCM	PD50297z	Pituitary gland	BRAIN	NORMAL
PD50297	PD50297z_lo0002	WGS_LCM	PD50297z	Pituitary gland	BRAIN	NORMAL
PD50297	PD50297z_lo0010	WGS_LCM	PD50297z	Pituitary gland	BRAIN	NORMAL
PD50297	PD50297z_lo0012	WGS_LCM	PD50297z	Pituitary gland	BRAIN	NORMAL
PD50297	PD50297z_lo0014	WGS_LCM	PD50297z	Pituitary gland	BRAIN	NORMAL
PD50297	PD50297z_lo0015	WGS_LCM	PD50297z	Pituitary gland	BRAIN	NORMAL
PD50297	PD50297z_lo0016	WGS_LCM	PD50297z	Pituitary gland	BRAIN	NORMAL
PD50297	PD50297z_lo0019	WGS_LCM	PD50297z	Pituitary gland	BRAIN	NORMAL
PD50297	PD50297z_lo0021	WGS_LCM	PD50297z	Pituitary gland	BRAIN	NORMAL
PD50297	PD50297z_lo0023	WGS_LCM	PD50297z	Pituitary gland	BRAIN	NORMAL
PD51122	PD51122ab_lo0001	WGS_LCM	PD51122ab	Optic nerve	PERIPHERAL_NERVE	NORMAL
PD51122	PD51122ab_lo0002	WGS_LCM	PD51122ab	Optic nerve	PERIPHERAL_NERVE	NORMAL
PD51122	PD51122ab_lo0006	WGS_LCM	PD51122ab	Optic nerve	PERIPHERAL_NERVE	NORMAL
PD51122	PD51122ab_lo0007	WGS_LCM	PD51122ab	Optic nerve	PERIPHERAL_NERVE	NORMAL
PD51122	PD51122ab_lo0008	WGS_LCM	PD51122ab	Optic nerve	PERIPHERAL_NERVE	NORMAL
PD51122	PD51122ab_lo0009	WGS_LCM	PD51122ab	Optic nerve	PERIPHERAL_NERVE	NORMAL
PD51122	PD51122ab_lo0010	WGS_LCM	PD51122ab	Optic nerve	PERIPHERAL_NERVE	NORMAL
PD51122	PD51122ab_lo0012	WGS_LCM	PD51122ab	Optic nerve	PERIPHERAL_NERVE	NORMAL
PD51122	PD51122ac_lo0006	WGS_LCM	PD51122ac	Subcutaneous ankle lesion, right	OTHER_VISCERA	NORMAL
PD51122	PD51122ac_lo0007	WGS_LCM	PD51122ac	Subcutaneous ankle lesion, right	OTHER_VISCERA	NORMAL
PD51122	PD51122ac_lo0013	WGS_LCM	PD51122ac	Subcutaneous ankle lesion, right	OTHER_VISCERA	NORMAL
PD51122	PD51122ad_lo0002	WGS_LCM	PD51122ad	Small bowel	OTHER_VISCERA	NORMAL
PD51122	PD51122ad_lo0003	WGS_LCM	PD51122ad	Small bowel	OTHER_VISCERA	NORMAL
PD51122	PD51122ad_lo0004	WGS_LCM	PD51122ad	Small bowel	OTHER_VISCERA	NORMAL
PD51122	PD51122ad_lo0005	WGS_LCM	PD51122ad	Small bowel	OTHER_VISCERA	NORMAL
PD51122	PD51122ad_lo0006	WGS_LCM	PD51122ad	Small bowel	OTHER_VISCERA	NORMAL
PD51122	PD51122ad_lo0007	WGS_LCM	PD51122ad	Small bowel	OTHER_VISCERA	NORMAL
PD51122	PD51122ad_lo0008	WGS_LCM	PD51122ad	Small bowel	OTHER_VISCERA	NORMAL
PD51122	PD51122ad_lo0010	WGS_LCM	PD51122ad	Small bowel	OTHER_VISCERA	NORMAL
PD51122	PD51122ad_lo0011	WGS_LCM	PD51122ad	Small bowel	OTHER_VISCERA	NORMAL
PD51122	PD51122ad_lo0013	WGS_LCM	PD51122ad	Small bowel	OTHER_VISCERA	NORMAL
PD51122	PD51122ad_lo0014	WGS_LCM	PD51122ad	Small bowel	OTHER_VISCERA	NORMAL
PD51122	PD51122ad_lo0015	WGS_LCM	PD51122ad	Small bowel	OTHER_VISCERA	NORMAL
PD51122	PD51122ad_lo0016	WGS_LCM	PD51122ad	Small bowel	OTHER_VISCERA	NORMAL
PD51122	PD51122ad_lo0017	WGS_LCM	PD51122ad	Small bowel	OTHER_VISCERA	NORMAL
PD51122	PD51122ad_lo0018	WGS_LCM	PD51122ad	Small bowel	OTHER_VISCERA	NORMAL
PD51122	PD51122ad_lo0019	WGS_LCM	PD51122ad	Small bowel	OTHER_VISCERA	NORMAL
PD51122	PD51122ad_lo0020	WGS_LCM	PD51122ad	Small bowel	OTHER_VISCERA	NORMAL
PD51122	PD51122ad_lo0024	WGS_LCM	PD51122ad	Small bowel	OTHER_VISCERA	NORMAL
PD51122	PD51122ad_lo0025	WGS_LCM	PD51122ad	Small bowel	OTHER_VISCERA	NORMAL
PD51122	PD51122ae_lo0006	WGS_LCM	PD51122ae	?	?	?
PD51122	PD51122ae_lo0013	WGS_LCM	PD51122ae	?	?	?
PD51122	PD51122ae_lo0014	WGS_LCM	PD51122ae	?	?	?
PD51122	PD51122ae_lo0015	WGS_LCM	PD51122ae	?	?	?
PD51122	PD51122ae_lo0016	WGS_LCM	PD51122ae	?	?	?
PD51122	PD51122ae_lo0017	WGS_LCM	PD51122ae	?	?	?
PD51122	PD51122ae_lo0018	WGS_LCM	PD51122ae	?	?	?
PD51122	PD51122ae_lo0019	WGS_LCM	PD51122ae	?	?	?
PD51122	PD51122ae2	WGS_bulk	PD51122ae	?	?	?
PD51122	PD51122af_lo0001	WGS_LCM	PD51122af	Pituitary gland	BRAIN	NORMAL
PD51122	PD51122af_lo0007	WGS_LCM	PD51122af	Pituitary gland	BRAIN	NORMAL
PD51122	PD51122af_lo0008	WGS_LCM	PD51122af	Pituitary gland	BRAIN	NORMAL
PD51122	PD51122af_lo0009	WGS_LCM	PD51122af	Pituitary gland	BRAIN	NORMAL
PD51122	PD51122af_lo0011	WGS_LCM	PD51122af	Pituitary gland	BRAIN	NORMAL
PD51122	PD51122af_lo0012	WGS_LCM	PD51122af	Pituitary gland	BRAIN	NORMAL
PD51122	PD51122af_lo0013	WGS_LCM	PD51122af	Pituitary gland	BRAIN	NORMAL
PD51122	PD51122af_lo0014	WGS_LCM	PD51122af	Pituitary gland	BRAIN	NORMAL
PD51122	PD51122af_lo0015	WGS_LCM	PD51122af	Pituitary gland	BRAIN	NORMAL
PD51122	PD51122af_lo0017	WGS_LCM	PD51122af	Pituitary gland	BRAIN	NORMAL
PD51122	PD51122af_lo0018	WGS_LCM	PD51122af	Pituitary gland	BRAIN	NORMAL
PD51122	PD51122af_lo0020	WGS_LCM	PD51122af	Pituitary gland	BRAIN	NORMAL
PD51122	PD51122af_lo0022	WGS_LCM	PD51122af	Pituitary gland	BRAIN	NORMAL
PD51122	PD51122af_lo0023	WGS_LCM	PD51122af	Pituitary gland	BRAIN	NORMAL
PD51122	PD51122af_lo0024	WGS_LCM	PD51122af	Pituitary gland	BRAIN	NORMAL
PD51122	PD51122af_lo0028	WGS_LCM	PD51122af	Pituitary gland	BRAIN	NORMAL
PD51122	PD51122af_lo0029	WGS_LCM	PD51122af	Pituitary gland	BRAIN	NORMAL
PD51122	PD51122af_lo0030	WGS_LCM	PD51122af	Pituitary gland	BRAIN	NORMAL
PD51122	PD51122ag_lo0001	WGS_LCM	PD51122ag	Skin including café au lait lesion, abdomen	OTHER_VISCERA	NORMAL
PD51122	PD51122ag_lo0005	WGS_LCM	PD51122ag	Skin including café au lait lesion, abdomen	OTHER_VISCERA	NORMAL
PD51122	PD51122ag_lo0006	WGS_LCM	PD51122ag	Skin including café au lait lesion, abdomen	OTHER_VISCERA	NORMAL
PD51122	PD51122ag_lo0007	WGS_LCM	PD51122ag	Skin including café au lait lesion, abdomen	OTHER_VISCERA	NORMAL
PD51122	PD51122ag_lo0009	WGS_LCM	PD51122ag	Skin including café au lait lesion, abdomen	OTHER_VISCERA	NORMAL
PD51122	PD51122ag_lo0018	WGS_LCM	PD51122ag	Skin including café au lait lesion, abdomen	OTHER_VISCERA	NORMAL
PD51122	PD51122ag_lo0022	WGS_LCM	PD51122ag	Skin including café au lait lesion, abdomen	OTHER_VISCERA	NORMAL
PD51122	PD51122ag_lo0023	WGS_LCM	PD51122ag	Skin including café au lait lesion, abdomen	OTHER_VISCERA	NORMAL
PD51122	PD51122ag_lo0024	WGS_LCM	PD51122ag	Skin including café au lait lesion, abdomen	OTHER_VISCERA	NORMAL
PD51122	PD51122ah	WGS_bulk	PD51122ah	Heart	OTHER_VISCERA	NORMAL
PD51122	PD51122ah_lo0002	WGS_LCM	PD51122ah	Heart	OTHER_VISCERA	NORMAL
PD51122	PD51122ah_lo0006	WGS_LCM	PD51122ah	Heart	OTHER_VISCERA	NORMAL
PD51122	PD51122ah_lo0013	WGS_LCM	PD51122ah	Heart	OTHER_VISCERA	NORMAL
PD51122	PD51122ah_lo0016	WGS_LCM	PD51122ah	Heart	OTHER_VISCERA	NORMAL
PD51122	PD51122ai	WGS_bulk	PD51122ai	Diagnostic biopsy, exact site not determined	OTHER_VISCERA	NORMAL
PD51122	PD51122ai_lo0001	WGS_LCM	PD51122ai	Diagnostic biopsy, exact site not determined	OTHER_VISCERA	NORMAL
PD51122	PD51122ai_lo0002	WGS_LCM	PD51122ai	Diagnostic biopsy, exact site not determined	OTHER_VISCERA	NORMAL
PD51122	PD51122ai_lo0005	WGS_LCM	PD51122ai	Diagnostic biopsy, exact site not determined	OTHER_VISCERA	NORMAL
PD51122	PD51122ai_lo0006	WGS_LCM	PD51122ai	Diagnostic biopsy, exact site not determined	OTHER_VISCERA	NORMAL
PD51122	PD51122ai_lo0007	WGS_LCM	PD51122ai	Diagnostic biopsy, exact site not determined	OTHER_VISCERA	NORMAL
PD51122	PD51122ai_lo0008	WGS_LCM	PD51122ai	Diagnostic biopsy, exact site not determined	OTHER_VISCERA	NORMAL
PD51122	PD51122ai_lo0009	WGS_LCM	PD51122ai	Diagnostic biopsy, exact site not determined	OTHER_VISCERA	NORMAL
PD51122	PD51122ai_lo0010	WGS_LCM	PD51122ai	Diagnostic biopsy, exact site not determined	OTHER_VISCERA	NORMAL
PD51122	PD51122ai_lo0011	WGS_LCM	PD51122ai	Diagnostic biopsy, exact site not determined	OTHER_VISCERA	NORMAL
PD51122	PD51122ai_lo0012	WGS_LCM	PD51122ai	Diagnostic biopsy, exact site not determined	OTHER_VISCERA	NORMAL
PD51122	PD51122ai_lo0013	WGS_LCM	PD51122ai	Diagnostic biopsy, exact site not determined	OTHER_VISCERA	NORMAL
PD51122	PD51122ai_lo0014	WGS_LCM	PD51122ai	Diagnostic biopsy, exact site not determined	OTHER_VISCERA	NORMAL
PD51122	PD51122ai_lo0015	WGS_LCM	PD51122ai	Diagnostic biopsy, exact site not determined	OTHER_VISCERA	NORMAL
PD51122	PD51122ai_lo0016	WGS_LCM	PD51122ai	Diagnostic biopsy, exact site not determined	OTHER_VISCERA	NORMAL
PD51122	PD51122ai_lo0017	WGS_LCM	PD51122ai	Diagnostic biopsy, exact site not determined	OTHER_VISCERA	NORMAL
PD51122	PD51122ai_lo0018	WGS_LCM	PD51122ai	Diagnostic biopsy, exact site not determined	OTHER_VISCERA	NORMAL
PD51122	PD51122ai_lo0019	WGS_LCM	PD51122ai	Diagnostic biopsy, exact site not determined	OTHER_VISCERA	NORMAL
PD51122	PD51122ai_lo0020	WGS_LCM	PD51122ai	Diagnostic biopsy, exact site not determined	OTHER_VISCERA	NORMAL
PD51122	PD51122ai_lo0023	WGS_LCM	PD51122ai	Diagnostic biopsy, exact site not determined	OTHER_VISCERA	NORMAL
PD51122	PD51122ai_lo0024	WGS_LCM	PD51122ai	Diagnostic biopsy, exact site not determined	OTHER_VISCERA	NORMAL
PD51122	PD51122ai_lo0025	WGS_LCM	PD51122ai	Diagnostic biopsy, exact site not determined	OTHER_VISCERA	NORMAL
PD51122	PD51122b	WGS_bulk	PD51122b	Cerebellum, left	BRAIN	NORMAL
PD51122	PD51122b_lo0001	WGS_LCM	PD51122b	Cerebellum, left	BRAIN	NORMAL
PD51122	PD51122b_lo0002	WGS_LCM	PD51122b	Cerebellum, left	BRAIN	NORMAL
PD51122	PD51122b_lo0003	WGS_LCM	PD51122b	Cerebellum, left	BRAIN	NORMAL
PD51122	PD51122b_lo0004	WGS_LCM	PD51122b	Cerebellum, left	BRAIN	NORMAL
PD51122	PD51122b_lo0005	WGS_LCM	PD51122b	Cerebellum, left	BRAIN	NORMAL
PD51122	PD51122b_lo0006	WGS_LCM	PD51122b	Cerebellum, left	BRAIN	NORMAL
PD51122	PD51122b_lo0007	WGS_LCM	PD51122b	Cerebellum, left	BRAIN	NORMAL
PD51122	PD51122b_lo0008	WGS_LCM	PD51122b	Cerebellum, left	BRAIN	NORMAL
PD51122	PD51122b_lo0009	WGS_LCM	PD51122b	Cerebellum, left	BRAIN	NORMAL
PD51122	PD51122b_lo0010	WGS_LCM	PD51122b	Cerebellum, left	BRAIN	NORMAL
PD51122	PD51122b_lo0011	WGS_LCM	PD51122b	Cerebellum, left	BRAIN	NORMAL
PD51122	PD51122b_lo0013	WGS_LCM	PD51122b	Cerebellum, left	BRAIN	NORMAL
PD51122	PD51122b_lo0014	WGS_LCM	PD51122b	Cerebellum, left	BRAIN	NORMAL
PD51122	PD51122b_lo0015	WGS_LCM	PD51122b	Cerebellum, left	BRAIN	NORMAL
PD51122	PD51122b_lo0016	WGS_LCM	PD51122b	Cerebellum, left	BRAIN	NORMAL
PD51122	PD51122b_lo0017	WGS_LCM	PD51122b	Cerebellum, left	BRAIN	NORMAL
PD51122	PD51122b_lo0018	WGS_LCM	PD51122b	Cerebellum, left	BRAIN	NORMAL
PD51122	PD51122b_lo0020	WGS_LCM	PD51122b	Cerebellum, left	BRAIN	NORMAL
PD51122	PD51122b_lo0021	WGS_LCM	PD51122b	Cerebellum, left	BRAIN	NORMAL
PD51122	PD51122b_lo0024	WGS_LCM	PD51122b	Cerebellum, left	BRAIN	NORMAL
PD51122	PD51122c	WGS_bulk	PD51122c	Medulla	BRAIN	NORMAL
PD51122	PD51122c_lo0003	WGS_LCM	PD51122c	Medulla	BRAIN	NORMAL
PD51122	PD51122c_lo0006	WGS_LCM	PD51122c	Medulla	BRAIN	NORMAL
PD51122	PD51122c_lo0007	WGS_LCM	PD51122c	Medulla	BRAIN	NORMAL
PD51122	PD51122c_lo0010	WGS_LCM	PD51122c	Medulla	BRAIN	NORMAL
PD51122	PD51122c_lo0011	WGS_LCM	PD51122c	Medulla	BRAIN	NORMAL
PD51122	PD51122d	WGS_bulk	PD51122d	Pons	BRAIN	NORMAL
PD51122	PD51122d_lo0004	WGS_LCM	PD51122d	Pons	BRAIN	NORMAL
PD51122	PD51122d_lo0005	WGS_LCM	PD51122d	Pons	BRAIN	NORMAL
PD51122	PD51122d_lo0010	WGS_LCM	PD51122d	Pons	BRAIN	NORMAL
PD51122	PD51122d_lo0011	WGS_LCM	PD51122d	Pons	BRAIN	NORMAL
PD51122	PD51122d_lo0012	WGS_LCM	PD51122d	Pons	BRAIN	NORMAL
PD51122	PD51122d_lo0013	WGS_LCM	PD51122d	Pons	BRAIN	NORMAL
PD51122	PD51122d_lo0015	WGS_LCM	PD51122d	Pons	BRAIN	NORMAL
PD51122	PD51122e	WGS_bulk	PD51122e	Frontal cortex, left	BRAIN	NORMAL
PD51122	PD51122e_lo0003	WGS_LCM	PD51122e	Frontal cortex, left	BRAIN	NORMAL
PD51122	PD51122e_lo0007	WGS_LCM	PD51122e	Frontal cortex, left	BRAIN	NORMAL
PD51122	PD51122e_lo0008	WGS_LCM	PD51122e	Frontal cortex, left	BRAIN	NORMAL
PD51122	PD51122e_lo0009	WGS_LCM	PD51122e	Frontal cortex, left	BRAIN	NORMAL
PD51122	PD51122e_lo0010	WGS_LCM	PD51122e	Frontal cortex, left	BRAIN	NORMAL
PD51122	PD51122e_lo0011	WGS_LCM	PD51122e	Frontal cortex, left	BRAIN	NORMAL
PD51122	PD51122e_lo0014	WGS_LCM	PD51122e	Frontal cortex, left	BRAIN	NORMAL
PD51122	PD51122e_lo0018	WGS_LCM	PD51122e	Frontal cortex, left	BRAIN	NORMAL
PD51122	PD51122e_lo0019	WGS_LCM	PD51122e	Frontal cortex, left	BRAIN	NORMAL
PD51122	PD51122e_lo0020	WGS_LCM	PD51122e	Frontal cortex, left	BRAIN	NORMAL
PD51122	PD51122e_lo0021	WGS_LCM	PD51122e	Frontal cortex, left	BRAIN	NORMAL
PD51122	PD51122e_lo0022	WGS_LCM	PD51122e	Frontal cortex, left	BRAIN	NORMAL
PD51122	PD51122e_lo0023	WGS_LCM	PD51122e	Frontal cortex, left	BRAIN	NORMAL
PD51122	PD51122e_lo0024	WGS_LCM	PD51122e	Frontal cortex, left	BRAIN	NORMAL
PD51122	PD51122e_lo0025	WGS_LCM	PD51122e	Frontal cortex, left	BRAIN	NORMAL
PD51122	PD51122e_lo0027	WGS_LCM	PD51122e	Frontal cortex, left	BRAIN	NORMAL
PD51122	PD51122e_lo0028	WGS_LCM	PD51122e	Frontal cortex, left	BRAIN	NORMAL
PD51122	PD51122e_lo0029	WGS_LCM	PD51122e	Frontal cortex, left	BRAIN	NORMAL
PD51122	PD51122e_lo0030	WGS_LCM	PD51122e	Frontal cortex, left	BRAIN	NORMAL
PD51122	PD51122e_lo0031	WGS_LCM	PD51122e	Frontal cortex, left	BRAIN	NORMAL
PD51122	PD51122e_lo0032	WGS_LCM	PD51122e	Frontal cortex, left	BRAIN	NORMAL
PD51122	PD51122e_lo0036	WGS_LCM	PD51122e	Frontal cortex, left	BRAIN	NORMAL
PD51122	PD51122e_lo0037	WGS_LCM	PD51122e	Frontal cortex, left	BRAIN	NORMAL
PD51122	PD51122e_lo0039	WGS_LCM	PD51122e	Frontal cortex, left	BRAIN	NORMAL
PD51122	PD51122e_lo0040	WGS_LCM	PD51122e	Frontal cortex, left	BRAIN	NORMAL
PD51122	PD51122e_lo0043	WGS_LCM	PD51122e	Frontal cortex, left	BRAIN	NORMAL
PD51122	PD51122e_lo0044	WGS_LCM	PD51122e	Frontal cortex, left	BRAIN	NORMAL
PD51122	PD51122e_lo0045	WGS_LCM	PD51122e	Frontal cortex, left	BRAIN	NORMAL
PD51122	PD51122e_lo0046	WGS_LCM	PD51122e	Frontal cortex, left	BRAIN	NORMAL
PD51122	PD51122e_lo0047	WGS_LCM	PD51122e	Frontal cortex, left	BRAIN	NORMAL
PD51122	PD51122e_lo0048	WGS_LCM	PD51122e	Frontal cortex, left	BRAIN	NORMAL
PD51122	PD51122e_lo0049	WGS_LCM	PD51122e	Frontal cortex, left	BRAIN	NORMAL
PD51122	PD51122e_lo0050	WGS_LCM	PD51122e	Frontal cortex, left	BRAIN	NORMAL
PD51122	PD51122e_lo0051	WGS_LCM	PD51122e	Frontal cortex, left	BRAIN	NORMAL
PD51122	PD51122e_lo0052	WGS_LCM	PD51122e	Frontal cortex, left	BRAIN	NORMAL
PD51122	PD51122e_lo0053	WGS_LCM	PD51122e	Frontal cortex, left	BRAIN	NORMAL
PD51122	PD51122e_lo0055	WGS_LCM	PD51122e	Frontal cortex, left	BRAIN	NORMAL
PD51122	PD51122e_lo0056	WGS_LCM	PD51122e	Frontal cortex, left	BRAIN	NORMAL
PD51122	PD51122f	WGS_bulk	PD51122f	Frontal cortex, right anterior	BRAIN	NORMAL
PD51122	PD51122f_lo0001	WGS_LCM	PD51122f	Frontal cortex, right anterior	BRAIN	NORMAL
PD51122	PD51122f_lo0002	WGS_LCM	PD51122f	Frontal cortex, right anterior	BRAIN	NORMAL
PD51122	PD51122f_lo0003	WGS_LCM	PD51122f	Frontal cortex, right anterior	BRAIN	NORMAL
PD51122	PD51122f_lo0004	WGS_LCM	PD51122f	Frontal cortex, right anterior	BRAIN	NORMAL
PD51122	PD51122f_lo0005	WGS_LCM	PD51122f	Frontal cortex, right anterior	BRAIN	NORMAL
PD51122	PD51122f_lo0006	WGS_LCM	PD51122f	Frontal cortex, right anterior	BRAIN	NORMAL
PD51122	PD51122f_lo0008	WGS_LCM	PD51122f	Frontal cortex, right anterior	BRAIN	NORMAL
PD51122	PD51122f_lo0011	WGS_LCM	PD51122f	Frontal cortex, right anterior	BRAIN	NORMAL
PD51122	PD51122f_lo0015	WGS_LCM	PD51122f	Frontal cortex, right anterior	BRAIN	NORMAL
PD51122	PD51122f_lo0017	WGS_LCM	PD51122f	Frontal cortex, right anterior	BRAIN	NORMAL
PD51122	PD51122f_lo0018	WGS_LCM	PD51122f	Frontal cortex, right anterior	BRAIN	NORMAL
PD51122	PD51122f_lo0019	WGS_LCM	PD51122f	Frontal cortex, right anterior	BRAIN	NORMAL
PD51122	PD51122f_lo0021	WGS_LCM	PD51122f	Frontal cortex, right anterior	BRAIN	NORMAL
PD51122	PD51122f_lo0022	WGS_LCM	PD51122f	Frontal cortex, right anterior	BRAIN	NORMAL
PD51122	PD51122f_lo0023	WGS_LCM	PD51122f	Frontal cortex, right anterior	BRAIN	NORMAL
PD51122	PD51122f_lo0025	WGS_LCM	PD51122f	Frontal cortex, right anterior	BRAIN	NORMAL
PD51122	PD51122f_lo0027	WGS_LCM	PD51122f	Frontal cortex, right anterior	BRAIN	NORMAL
PD51122	PD51122f_lo0028	WGS_LCM	PD51122f	Frontal cortex, right anterior	BRAIN	NORMAL
PD51122	PD51122f_lo0031	WGS_LCM	PD51122f	Frontal cortex, right anterior	BRAIN	NORMAL
PD51122	PD51122f_lo0033	WGS_LCM	PD51122f	Frontal cortex, right anterior	BRAIN	NORMAL
PD51122	PD51122f_lo0034	WGS_LCM	PD51122f	Frontal cortex, right anterior	BRAIN	NORMAL
PD51122	PD51122f_lo0036	WGS_LCM	PD51122f	Frontal cortex, right anterior	BRAIN	NORMAL
PD51122	PD51122f_lo0037	WGS_LCM	PD51122f	Frontal cortex, right anterior	BRAIN	NORMAL
PD51122	PD51122f_lo0038	WGS_LCM	PD51122f	Frontal cortex, right anterior	BRAIN	NORMAL
PD51122	PD51122g	WGS_bulk	PD51122g	Parietal cortex, left	BRAIN	NORMAL
PD51122	PD51122g_lo0001	WGS_LCM	PD51122g	Parietal cortex, left	BRAIN	NORMAL
PD51122	PD51122g_lo0002	WGS_LCM	PD51122g	Parietal cortex, left	BRAIN	NORMAL
PD51122	PD51122g_lo0003	WGS_LCM	PD51122g	Parietal cortex, left	BRAIN	NORMAL
PD51122	PD51122g_lo0005	WGS_LCM	PD51122g	Parietal cortex, left	BRAIN	NORMAL
PD51122	PD51122g_lo0006	WGS_LCM	PD51122g	Parietal cortex, left	BRAIN	NORMAL
PD51122	PD51122g_lo0008	WGS_LCM	PD51122g	Parietal cortex, left	BRAIN	NORMAL
PD51122	PD51122g_lo0009	WGS_LCM	PD51122g	Parietal cortex, left	BRAIN	NORMAL
PD51122	PD51122g_lo0015	WGS_LCM	PD51122g	Parietal cortex, left	BRAIN	NORMAL
PD51122	PD51122g_lo0018	WGS_LCM	PD51122g	Parietal cortex, left	BRAIN	NORMAL
PD51122	PD51122g_lo0020	WGS_LCM	PD51122g	Parietal cortex, left	BRAIN	NORMAL
PD51122	PD51122g_lo0021	WGS_LCM	PD51122g	Parietal cortex, left	BRAIN	NORMAL
PD51122	PD51122g_lo0024	WGS_LCM	PD51122g	Parietal cortex, left	BRAIN	NORMAL
PD51122	PD51122g_lo0026	WGS_LCM	PD51122g	Parietal cortex, left	BRAIN	NORMAL
PD51122	PD51122g_lo0033	WGS_LCM	PD51122g	Parietal cortex, left	BRAIN	NORMAL
PD51122	PD51122h	WGS_bulk	PD51122h	Occipital cortex, right	BRAIN	NORMAL
PD51122	PD51122h_lo0003	WGS_LCM	PD51122h	Occipital cortex, right	BRAIN	NORMAL
PD51122	PD51122h_lo0005	WGS_LCM	PD51122h	Occipital cortex, right	BRAIN	NORMAL
PD51122	PD51122h_lo0008	WGS_LCM	PD51122h	Occipital cortex, right	BRAIN	NORMAL
PD51122	PD51122h_lo0010	WGS_LCM	PD51122h	Occipital cortex, right	BRAIN	NORMAL
PD51122	PD51122h_lo0011	WGS_LCM	PD51122h	Occipital cortex, right	BRAIN	NORMAL
PD51122	PD51122h_lo0012	WGS_LCM	PD51122h	Occipital cortex, right	BRAIN	NORMAL
PD51122	PD51122h_lo0013	WGS_LCM	PD51122h	Occipital cortex, right	BRAIN	NORMAL
PD51122	PD51122h_lo0014	WGS_LCM	PD51122h	Occipital cortex, right	BRAIN	NORMAL
PD51122	PD51122h_lo0015	WGS_LCM	PD51122h	Occipital cortex, right	BRAIN	NORMAL
PD51122	PD51122i	WGS_bulk	PD51122i	Thalamus, tumour 1, right	BRAIN	TUMOUR
PD51122	PD51122i_lo0001	WGS_LCM	PD51122i	Thalamus, tumour 1, right	BRAIN	TUMOUR
PD51122	PD51122i_lo0002	WGS_LCM	PD51122i	Thalamus, tumour 1, right	BRAIN	TUMOUR
PD51122	PD51122i_lo0003	WGS_LCM	PD51122i	Thalamus, tumour 1, right	BRAIN	TUMOUR
PD51122	PD51122i_lo0004	WGS_LCM	PD51122i	Thalamus, tumour 1, right	BRAIN	TUMOUR
PD51122	PD51122i_lo0005	WGS_LCM	PD51122i	Thalamus, tumour 1, right	BRAIN	TUMOUR
PD51122	PD51122i_lo0006	WGS_LCM	PD51122i	Thalamus, tumour 1, right	BRAIN	TUMOUR
PD51122	PD51122i_lo0007	WGS_LCM	PD51122i	Thalamus, tumour 1, right	BRAIN	TUMOUR
PD51122	PD51122i_lo0008	WGS_LCM	PD51122i	Thalamus, tumour 1, right	BRAIN	TUMOUR
PD51122	PD51122i_lo0009	WGS_LCM	PD51122i	Thalamus, tumour 1, right	BRAIN	TUMOUR
PD51122	PD51122i_lo0010	WGS_LCM	PD51122i	Thalamus, tumour 1, right	BRAIN	TUMOUR
PD51122	PD51122i_lo0011	WGS_LCM	PD51122i	Thalamus, tumour 1, right	BRAIN	TUMOUR
PD51122	PD51122i_lo0012	WGS_LCM	PD51122i	Thalamus, tumour 1, right	BRAIN	TUMOUR
PD51122	PD51122i_lo0013	WGS_LCM	PD51122i	Thalamus, tumour 1, right	BRAIN	TUMOUR
PD51122	PD51122i_lo0014	WGS_LCM	PD51122i	Thalamus, tumour 1, right	BRAIN	TUMOUR
PD51122	PD51122i_lo0015	WGS_LCM	PD51122i	Thalamus, tumour 1, right	BRAIN	TUMOUR
PD51122	PD51122i_lo0016	WGS_LCM	PD51122i	Thalamus, tumour 1, right	BRAIN	TUMOUR
PD51122	PD51122j	WGS_bulk	PD51122j	Thalamus, tumour 2, right	BRAIN	TUMOUR
PD51122	PD51122j_lo0001	WGS_LCM	PD51122j	Thalamus, tumour 2, right	BRAIN	TUMOUR
PD51122	PD51122j_lo0002	WGS_LCM	PD51122j	Thalamus, tumour 2, right	BRAIN	TUMOUR
PD51122	PD51122j_lo0004	WGS_LCM	PD51122j	Thalamus, tumour 2, right	BRAIN	TUMOUR
PD51122	PD51122j_lo0005	WGS_LCM	PD51122j	Thalamus, tumour 2, right	BRAIN	TUMOUR
PD51122	PD51122j_lo0006	WGS_LCM	PD51122j	Thalamus, tumour 2, right	BRAIN	TUMOUR
PD51122	PD51122j_lo0007	WGS_LCM	PD51122j	Thalamus, tumour 2, right	BRAIN	TUMOUR
PD51122	PD51122j_lo0009	WGS_LCM	PD51122j	Thalamus, tumour 2, right	BRAIN	TUMOUR
PD51122	PD51122j_lo0011	WGS_LCM	PD51122j	Thalamus, tumour 2, right	BRAIN	TUMOUR
PD51122	PD51122j_lo0012	WGS_LCM	PD51122j	Thalamus, tumour 2, right	BRAIN	TUMOUR
PD51122	PD51122j_lo0013	WGS_LCM	PD51122j	Thalamus, tumour 2, right	BRAIN	TUMOUR
PD51122	PD51122j_lo0015	WGS_LCM	PD51122j	Thalamus, tumour 2, right	BRAIN	TUMOUR
PD51122	PD51122j_lo0016	WGS_LCM	PD51122j	Thalamus, tumour 2, right	BRAIN	TUMOUR
PD51122	PD51122k	WGS_bulk	PD51122k	Thalamus, tumour 3, right	BRAIN	TUMOUR
PD51122	PD51122k_lo0001	WGS_LCM	PD51122k	Thalamus, tumour 3, right	BRAIN	TUMOUR
PD51122	PD51122k_lo0002	WGS_LCM	PD51122k	Thalamus, tumour 3, right	BRAIN	TUMOUR
PD51122	PD51122k_lo0004	WGS_LCM	PD51122k	Thalamus, tumour 3, right	BRAIN	TUMOUR
PD51122	PD51122k_lo0006	WGS_LCM	PD51122k	Thalamus, tumour 3, right	BRAIN	TUMOUR
PD51122	PD51122k_lo0007	WGS_LCM	PD51122k	Thalamus, tumour 3, right	BRAIN	TUMOUR
PD51122	PD51122k_lo0008	WGS_LCM	PD51122k	Thalamus, tumour 3, right	BRAIN	TUMOUR
PD51122	PD51122k_lo0009	WGS_LCM	PD51122k	Thalamus, tumour 3, right	BRAIN	TUMOUR
PD51122	PD51122k_lo0010	WGS_LCM	PD51122k	Thalamus, tumour 3, right	BRAIN	TUMOUR
PD51122	PD51122k_lo0011	WGS_LCM	PD51122k	Thalamus, tumour 3, right	BRAIN	TUMOUR
PD51122	PD51122k_lo0012	WGS_LCM	PD51122k	Thalamus, tumour 3, right	BRAIN	TUMOUR
PD51122	PD51122k_lo0013	WGS_LCM	PD51122k	Thalamus, tumour 3, right	BRAIN	TUMOUR
PD51122	PD51122k_lo0014	WGS_LCM	PD51122k	Thalamus, tumour 3, right	BRAIN	TUMOUR
PD51122	PD51122l	WGS_bulk	PD51122l	Thalamus, tumour 4, right	BRAIN	TUMOUR
PD51122	PD51122l_lo0001	WGS_LCM	PD51122l	Thalamus, tumour 4, right	BRAIN	TUMOUR
PD51122	PD51122l_lo0002	WGS_LCM	PD51122l	Thalamus, tumour 4, right	BRAIN	TUMOUR
PD51122	PD51122l_lo0003	WGS_LCM	PD51122l	Thalamus, tumour 4, right	BRAIN	TUMOUR
PD51122	PD51122l_lo0004	WGS_LCM	PD51122l	Thalamus, tumour 4, right	BRAIN	TUMOUR
PD51122	PD51122l_lo0005	WGS_LCM	PD51122l	Thalamus, tumour 4, right	BRAIN	TUMOUR
PD51122	PD51122l_lo0006	WGS_LCM	PD51122l	Thalamus, tumour 4, right	BRAIN	TUMOUR
PD51122	PD51122l_lo0007	WGS_LCM	PD51122l	Thalamus, tumour 4, right	BRAIN	TUMOUR
PD51122	PD51122l_lo0008	WGS_LCM	PD51122l	Thalamus, tumour 4, right	BRAIN	TUMOUR
PD51122	PD51122m	WGS_bulk	PD51122m	Thalamus, tumour 5, right	BRAIN	TUMOUR
PD51122	PD51122m_lo0001	WGS_LCM	PD51122m	Thalamus, tumour 5, right	BRAIN	TUMOUR
PD51122	PD51122m_lo0002	WGS_LCM	PD51122m	Thalamus, tumour 5, right	BRAIN	TUMOUR
PD51122	PD51122m_lo0003	WGS_LCM	PD51122m	Thalamus, tumour 5, right	BRAIN	TUMOUR
PD51122	PD51122m_lo0004	WGS_LCM	PD51122m	Thalamus, tumour 5, right	BRAIN	TUMOUR
PD51122	PD51122m_lo0005	WGS_LCM	PD51122m	Thalamus, tumour 5, right	BRAIN	TUMOUR
PD51122	PD51122m_lo0006	WGS_LCM	PD51122m	Thalamus, tumour 5, right	BRAIN	TUMOUR
PD51122	PD51122m_lo0007	WGS_LCM	PD51122m	Thalamus, tumour 5, right	BRAIN	TUMOUR
PD51122	PD51122m_lo0008	WGS_LCM	PD51122m	Thalamus, tumour 5, right	BRAIN	TUMOUR
PD51122	PD51122m_lo0009	WGS_LCM	PD51122m	Thalamus, tumour 5, right	BRAIN	TUMOUR
PD51122	PD51122m_lo0010	WGS_LCM	PD51122m	Thalamus, tumour 5, right	BRAIN	TUMOUR
PD51122	PD51122m_lo0012	WGS_LCM	PD51122m	Thalamus, tumour 5, right	BRAIN	TUMOUR
PD51122	PD51122m_lo0013	WGS_LCM	PD51122m	Thalamus, tumour 5, right	BRAIN	TUMOUR
PD51122	PD51122n	WGS_bulk	PD51122n	Thalamus, tumour 6, right	BRAIN	TUMOUR
PD51122	PD51122n_lo0001	WGS_LCM	PD51122n	Thalamus, tumour 6, right	BRAIN	TUMOUR
PD51122	PD51122n_lo0002	WGS_LCM	PD51122n	Thalamus, tumour 6, right	BRAIN	TUMOUR
PD51122	PD51122n_lo0003	WGS_LCM	PD51122n	Thalamus, tumour 6, right	BRAIN	TUMOUR
PD51122	PD51122n_lo0005	WGS_LCM	PD51122n	Thalamus, tumour 6, right	BRAIN	TUMOUR
PD51122	PD51122n_lo0012	WGS_LCM	PD51122n	Thalamus, tumour 6, right	BRAIN	TUMOUR
PD51122	PD51122n_lo0014	WGS_LCM	PD51122n	Thalamus, tumour 6, right	BRAIN	TUMOUR
PD51122	PD51122n_lo0015	WGS_LCM	PD51122n	Thalamus, tumour 6, right	BRAIN	TUMOUR
PD51122	PD51122n_lo0016	WGS_LCM	PD51122n	Thalamus, tumour 6, right	BRAIN	TUMOUR
PD51122	PD51122o_lo0001	WGS_LCM	PD51122o	Midbrain, interface with tumour, right	BRAIN	TUMOUR
PD51122	PD51122o_lo0002	WGS_LCM	PD51122o	Midbrain, interface with tumour, right	BRAIN	TUMOUR
PD51122	PD51122o_lo0003	WGS_LCM	PD51122o	Midbrain, interface with tumour, right	BRAIN	TUMOUR
PD51122	PD51122o_lo0004	WGS_LCM	PD51122o	Midbrain, interface with tumour, right	BRAIN	TUMOUR
PD51122	PD51122o_lo0005	WGS_LCM	PD51122o	Midbrain, interface with tumour, right	BRAIN	TUMOUR
PD51122	PD51122o_lo0006	WGS_LCM	PD51122o	Midbrain, interface with tumour, right	BRAIN	TUMOUR
PD51122	PD51122o_lo0007	WGS_LCM	PD51122o	Midbrain, interface with tumour, right	BRAIN	TUMOUR
PD51122	PD51122o_lo0009	WGS_LCM	PD51122o	Midbrain, interface with tumour, right	BRAIN	TUMOUR
PD51122	PD51122o_lo0010	WGS_LCM	PD51122o	Midbrain, interface with tumour, right	BRAIN	TUMOUR
PD51122	PD51122o_lo0011	WGS_LCM	PD51122o	Midbrain, interface with tumour, right	BRAIN	TUMOUR
PD51122	PD51122o_lo0012	WGS_LCM	PD51122o	Midbrain, interface with tumour, right	BRAIN	TUMOUR
PD51122	PD51122o_lo0013	WGS_LCM	PD51122o	Midbrain, interface with tumour, right	BRAIN	TUMOUR
PD51122	PD51122o_lo0014	WGS_LCM	PD51122o	Midbrain, interface with tumour, right	BRAIN	TUMOUR
PD51122	PD51122o_lo0015	WGS_LCM	PD51122o	Midbrain, interface with tumour, right	BRAIN	TUMOUR
PD51122	PD51122o_lo0016	WGS_LCM	PD51122o	Midbrain, interface with tumour, right	BRAIN	TUMOUR
PD51122	PD51122o_lo0017	WGS_LCM	PD51122o	Midbrain, interface with tumour, right	BRAIN	TUMOUR
PD51122	PD51122o_lo0018	WGS_LCM	PD51122o	Midbrain, interface with tumour, right	BRAIN	TUMOUR
PD51122	PD51122p	WGS_bulk	PD51122p	Cerebellum, right	BRAIN	NORMAL
PD51122	PD51122p_lo0001	WGS_LCM	PD51122p	Cerebellum, right	BRAIN	NORMAL
PD51122	PD51122p_lo0002	WGS_LCM	PD51122p	Cerebellum, right	BRAIN	NORMAL
PD51122	PD51122p_lo0004	WGS_LCM	PD51122p	Cerebellum, right	BRAIN	NORMAL
PD51122	PD51122p_lo0006	WGS_LCM	PD51122p	Cerebellum, right	BRAIN	NORMAL
PD51122	PD51122p_lo0007	WGS_LCM	PD51122p	Cerebellum, right	BRAIN	NORMAL
PD51122	PD51122p_lo0008	WGS_LCM	PD51122p	Cerebellum, right	BRAIN	NORMAL
PD51122	PD51122p_lo0009	WGS_LCM	PD51122p	Cerebellum, right	BRAIN	NORMAL
PD51122	PD51122p_lo0010	WGS_LCM	PD51122p	Cerebellum, right	BRAIN	NORMAL
PD51122	PD51122p_lo0013	WGS_LCM	PD51122p	Cerebellum, right	BRAIN	NORMAL
PD51122	PD51122p_lo0015	WGS_LCM	PD51122p	Cerebellum, right	BRAIN	NORMAL
PD51122	PD51122p_lo0016	WGS_LCM	PD51122p	Cerebellum, right	BRAIN	NORMAL
PD51122	PD51122p_lo0017	WGS_LCM	PD51122p	Cerebellum, right	BRAIN	NORMAL
PD51122	PD51122p_lo0018	WGS_LCM	PD51122p	Cerebellum, right	BRAIN	NORMAL
PD51122	PD51122p_lo0020	WGS_LCM	PD51122p	Cerebellum, right	BRAIN	NORMAL
PD51122	PD51122p_lo0022	WGS_LCM	PD51122p	Cerebellum, right	BRAIN	NORMAL
PD51122	PD51122p_lo0025	WGS_LCM	PD51122p	Cerebellum, right	BRAIN	NORMAL
PD51122	PD51122p_lo0028	WGS_LCM	PD51122p	Cerebellum, right	BRAIN	NORMAL
PD51122	PD51122p_lo0030	WGS_LCM	PD51122p	Cerebellum, right	BRAIN	NORMAL
PD51122	PD51122p_lo0031	WGS_LCM	PD51122p	Cerebellum, right	BRAIN	NORMAL
PD51122	PD51122p_lo0032	WGS_LCM	PD51122p	Cerebellum, right	BRAIN	NORMAL
PD51122	PD51122q	WGS_bulk	PD51122q	Blood	OTHER_VISCERA	NORMAL
PD51122	PD51122s_lo0002	WGS_LCM	PD51122s	Bladder	OTHER_VISCERA	NORMAL
PD51122	PD51122s_lo0012	WGS_LCM	PD51122s	Bladder	OTHER_VISCERA	NORMAL
PD51122	PD51122s_lo0015	WGS_LCM	PD51122s	Bladder	OTHER_VISCERA	NORMAL
PD51122	PD51122t_lo0001	WGS_LCM	PD51122t	Dorsal root ganglion	PERIPHERAL_NERVE	NORMAL
PD51122	PD51122t_lo0002	WGS_LCM	PD51122t	Dorsal root ganglion	PERIPHERAL_NERVE	NORMAL
PD51122	PD51122t_lo0003	WGS_LCM	PD51122t	Dorsal root ganglion	PERIPHERAL_NERVE	NORMAL
PD51122	PD51122t_lo0004	WGS_LCM	PD51122t	Dorsal root ganglion	PERIPHERAL_NERVE	NORMAL
PD51122	PD51122t_lo0006	WGS_LCM	PD51122t	Dorsal root ganglion	PERIPHERAL_NERVE	NORMAL
PD51122	PD51122t_lo0007	WGS_LCM	PD51122t	Dorsal root ganglion	PERIPHERAL_NERVE	NORMAL
PD51122	PD51122t_lo0008	WGS_LCM	PD51122t	Dorsal root ganglion	PERIPHERAL_NERVE	NORMAL
PD51122	PD51122t_lo0009	WGS_LCM	PD51122t	Dorsal root ganglion	PERIPHERAL_NERVE	NORMAL
PD51122	PD51122t_lo0013	WGS_LCM	PD51122t	Dorsal root ganglion	PERIPHERAL_NERVE	NORMAL
PD51122	PD51122u	WGS_bulk	PD51122u	Kidney	OTHER_VISCERA	NORMAL
PD51122	PD51122u_lo0001	WGS_LCM	PD51122u	Kidney	OTHER_VISCERA	NORMAL
PD51122	PD51122u_lo0002	WGS_LCM	PD51122u	Kidney	OTHER_VISCERA	NORMAL
PD51122	PD51122u_lo0003	WGS_LCM	PD51122u	Kidney	OTHER_VISCERA	NORMAL
PD51122	PD51122u_lo0005	WGS_LCM	PD51122u	Kidney	OTHER_VISCERA	NORMAL
PD51122	PD51122u_lo0006	WGS_LCM	PD51122u	Kidney	OTHER_VISCERA	NORMAL
PD51122	PD51122u_lo0008	WGS_LCM	PD51122u	Kidney	OTHER_VISCERA	NORMAL
PD51122	PD51122u_lo0009	WGS_LCM	PD51122u	Kidney	OTHER_VISCERA	NORMAL
PD51122	PD51122u_lo0011	WGS_LCM	PD51122u	Kidney	OTHER_VISCERA	NORMAL
PD51122	PD51122u_lo0012	WGS_LCM	PD51122u	Kidney	OTHER_VISCERA	NORMAL
PD51122	PD51122u_lo0014	WGS_LCM	PD51122u	Kidney	OTHER_VISCERA	NORMAL
PD51122	PD51122u_lo0015	WGS_LCM	PD51122u	Kidney	OTHER_VISCERA	NORMAL
PD51122	PD51122u_lo0017	WGS_LCM	PD51122u	Kidney	OTHER_VISCERA	NORMAL
PD51122	PD51122u_lo0018	WGS_LCM	PD51122u	Kidney	OTHER_VISCERA	NORMAL
PD51122	PD51122u_lo0019	WGS_LCM	PD51122u	Kidney	OTHER_VISCERA	NORMAL
PD51122	PD51122u_lo0022	WGS_LCM	PD51122u	Kidney	OTHER_VISCERA	NORMAL
PD51122	PD51122u_lo0027	WGS_LCM	PD51122u	Kidney	OTHER_VISCERA	NORMAL
PD51122	PD51122u_lo0030	WGS_LCM	PD51122u	Kidney	OTHER_VISCERA	NORMAL
PD51122	PD51122v	WGS_bulk	PD51122v	Spinal cord, cervical	SPINAL_CORD	NORMAL
PD51122	PD51122v_lo0001	WGS_LCM	PD51122v	Spinal cord, cervical	SPINAL_CORD	NORMAL
PD51122	PD51122v_lo0005	WGS_LCM	PD51122v	Spinal cord, cervical	SPINAL_CORD	NORMAL
PD51122	PD51122v_lo0006	WGS_LCM	PD51122v	Spinal cord, cervical	SPINAL_CORD	NORMAL
PD51122	PD51122v_lo0007	WGS_LCM	PD51122v	Spinal cord, cervical	SPINAL_CORD	NORMAL
PD51122	PD51122v_lo0009	WGS_LCM	PD51122v	Spinal cord, cervical	SPINAL_CORD	NORMAL
PD51122	PD51122v_lo0010	WGS_LCM	PD51122v	Spinal cord, cervical	SPINAL_CORD	NORMAL
PD51122	PD51122v_lo0021	WGS_LCM	PD51122v	Spinal cord, cervical	SPINAL_CORD	NORMAL
PD51122	PD51122v_lo0023	WGS_LCM	PD51122v	Spinal cord, cervical	SPINAL_CORD	NORMAL
PD51122	PD51122v_lo0024	WGS_LCM	PD51122v	Spinal cord, cervical	SPINAL_CORD	NORMAL
PD51122	PD51122v_lo0026	WGS_LCM	PD51122v	Spinal cord, cervical	SPINAL_CORD	NORMAL
PD51122	PD51122w	WGS_bulk	PD51122w	Spinal cord, upper lumbar/lower thoracic	SPINAL_CORD	NORMAL
PD51122	PD51122w_lo0011	WGS_LCM	PD51122w	Spinal cord, upper lumbar/lower thoracic	SPINAL_CORD	NORMAL
PD51122	PD51122w_lo0019	WGS_LCM	PD51122w	Spinal cord, upper lumbar/lower thoracic	SPINAL_CORD	NORMAL
PD51122	PD51122w_lo0020	WGS_LCM	PD51122w	Spinal cord, upper lumbar/lower thoracic	SPINAL_CORD	NORMAL
PD51122	PD51122w_lo0021	WGS_LCM	PD51122w	Spinal cord, upper lumbar/lower thoracic	SPINAL_CORD	NORMAL
PD51122	PD51122w_lo0027	WGS_LCM	PD51122w	Spinal cord, upper lumbar/lower thoracic	SPINAL_CORD	NORMAL
PD51122	PD51122w_lo0030	WGS_LCM	PD51122w	Spinal cord, upper lumbar/lower thoracic	SPINAL_CORD	NORMAL
PD51122	PD51122w_lo0032	WGS_LCM	PD51122w	Spinal cord, upper lumbar/lower thoracic	SPINAL_CORD	NORMAL
PD51122	PD51122w_lo0034	WGS_LCM	PD51122w	Spinal cord, upper lumbar/lower thoracic	SPINAL_CORD	NORMAL
PD51122	PD51122w_lo0035	WGS_LCM	PD51122w	Spinal cord, upper lumbar/lower thoracic	SPINAL_CORD	NORMAL
PD51122	PD51122w_lo0042	WGS_LCM	PD51122w	Spinal cord, upper lumbar/lower thoracic	SPINAL_CORD	NORMAL
PD51122	PD51122x	WGS_bulk	PD51122x	Adrenal gland	OTHER_VISCERA	NORMAL
PD51122	PD51122x_lo0001	WGS_LCM	PD51122x	Adrenal gland	OTHER_VISCERA	NORMAL
PD51122	PD51122x_lo0003	WGS_LCM	PD51122x	Adrenal gland	OTHER_VISCERA	NORMAL
PD51122	PD51122x_lo0006	WGS_LCM	PD51122x	Adrenal gland	OTHER_VISCERA	NORMAL
PD51122	PD51122x_lo0007	WGS_LCM	PD51122x	Adrenal gland	OTHER_VISCERA	NORMAL
PD51122	PD51122x_lo0008	WGS_LCM	PD51122x	Adrenal gland	OTHER_VISCERA	NORMAL
PD51122	PD51122x_lo0011	WGS_LCM	PD51122x	Adrenal gland	OTHER_VISCERA	NORMAL
PD51122	PD51122x_lo0013	WGS_LCM	PD51122x	Adrenal gland	OTHER_VISCERA	NORMAL
PD51122	PD51122x_lo0014	WGS_LCM	PD51122x	Adrenal gland	OTHER_VISCERA	NORMAL
PD51122	PD51122x_lo0015	WGS_LCM	PD51122x	Adrenal gland	OTHER_VISCERA	NORMAL
PD51122	PD51122y	WGS_bulk	PD51122y	Liver	OTHER_VISCERA	NORMAL
PD51122	PD51122y_lo0001	WGS_LCM	PD51122y	Liver	OTHER_VISCERA	NORMAL
PD51122	PD51122y_lo0002	WGS_LCM	PD51122y	Liver	OTHER_VISCERA	NORMAL
PD51122	PD51122y_lo0009	WGS_LCM	PD51122y	Liver	OTHER_VISCERA	NORMAL
PD51122	PD51122y_lo0011	WGS_LCM	PD51122y	Liver	OTHER_VISCERA	NORMAL
PD51122	PD51122y_lo0014	WGS_LCM	PD51122y	Liver	OTHER_VISCERA	NORMAL
PD51122	PD51122y_lo0017	WGS_LCM	PD51122y	Liver	OTHER_VISCERA	NORMAL
PD51122	PD51122z	WGS_bulk	PD51122z	Spleen	OTHER_VISCERA	NORMAL
PD51122	PD51122z_lo0001	WGS_LCM	PD51122z	Spleen	OTHER_VISCERA	NORMAL
PD51122	PD51122z_lo0002	WGS_LCM	PD51122z	Spleen	OTHER_VISCERA	NORMAL
PD51122	PD51122z_lo0005	WGS_LCM	PD51122z	Spleen	OTHER_VISCERA	NORMAL
PD51122	PD51122z_lo0006	WGS_LCM	PD51122z	Spleen	OTHER_VISCERA	NORMAL
PD51122	PD51122z_lo0007	WGS_LCM	PD51122z	Spleen	OTHER_VISCERA	NORMAL
PD51122	PD51122z_lo0008	WGS_LCM	PD51122z	Spleen	OTHER_VISCERA	NORMAL
PD51122	PD51122z_lo0009	WGS_LCM	PD51122z	Spleen	OTHER_VISCERA	NORMAL
PD51122	PD51122z_lo0010	WGS_LCM	PD51122z	Spleen	OTHER_VISCERA	NORMAL
PD51122	PD51122z_lo0012	WGS_LCM	PD51122z	Spleen	OTHER_VISCERA	NORMAL
PD51122	PD51122z_lo0013	WGS_LCM	PD51122z	Spleen	OTHER_VISCERA	NORMAL
PD51122	PD51122z_lo0014	WGS_LCM	PD51122z	Spleen	OTHER_VISCERA	NORMAL
PD51122	PD51122z_lo0016	WGS_LCM	PD51122z	Spleen	OTHER_VISCERA	NORMAL
PD51122	PD51122z_lo0019	WGS_LCM	PD51122z	Spleen	OTHER_VISCERA	NORMAL
PD51123	PD51123aa_lo0002	WGS_LCM	PD51123aa	?	?	?
PD51123	PD51123aa_lo0007	WGS_LCM	PD51123aa	?	?	?
PD51123	PD51123aa_lo0012	WGS_LCM	PD51123aa	?	?	?
PD51123	PD51123aa_lo0014	WGS_LCM	PD51123aa	?	?	?
PD51123	PD51123aa_lo0015	WGS_LCM	PD51123aa	?	?	?
PD51123	PD51123aa_lo0016	WGS_LCM	PD51123aa	?	?	?
PD51123	PD51123aa3	WGS_bulk	PD51123aa	?	?	?
PD51123	PD51123b	WGS_bulk	PD51123b	Temporal cortex, right	BRAIN	NORMAL
PD51123	PD51123b_lo0010	WGS_LCM	PD51123b	Temporal cortex, right	BRAIN	NORMAL
PD51123	PD51123b_lo0011	WGS_LCM	PD51123b	Temporal cortex, right	BRAIN	NORMAL
PD51123	PD51123b_lo0019	WGS_LCM	PD51123b	Temporal cortex, right	BRAIN	NORMAL
PD51123	PD51123c	WGS_bulk	PD51123c	Lateral ventricle SVZ, right	BRAIN	NORMAL
PD51123	PD51123c_lo0028	WGS_LCM	PD51123c	Lateral ventricle SVZ, right	BRAIN	NORMAL
PD51123	PD51123c_lo0033	WGS_LCM	PD51123c	Lateral ventricle SVZ, right	BRAIN	NORMAL
PD51123	PD51123c_lo0034	WGS_LCM	PD51123c	Lateral ventricle SVZ, right	BRAIN	NORMAL
PD51123	PD51123c_lo0037	WGS_LCM	PD51123c	Lateral ventricle SVZ, right	BRAIN	NORMAL
PD51123	PD51123c_lo0038	WGS_LCM	PD51123c	Lateral ventricle SVZ, right	BRAIN	NORMAL
PD51123	PD51123c_lo0042	WGS_LCM	PD51123c	Lateral ventricle SVZ, right	BRAIN	NORMAL
PD51123	PD51123d	WGS_bulk	PD51123d	Cerebellum, left	BRAIN	NORMAL
PD51123	PD51123d_lo0003	WGS_LCM	PD51123d	Cerebellum, left	BRAIN	NORMAL
PD51123	PD51123d_lo0004	WGS_LCM	PD51123d	Cerebellum, left	BRAIN	NORMAL
PD51123	PD51123d_lo0005	WGS_LCM	PD51123d	Cerebellum, left	BRAIN	NORMAL
PD51123	PD51123d_lo0007	WGS_LCM	PD51123d	Cerebellum, left	BRAIN	NORMAL
PD51123	PD51123d_lo0010	WGS_LCM	PD51123d	Cerebellum, left	BRAIN	NORMAL
PD51123	PD51123d_lo0013	WGS_LCM	PD51123d	Cerebellum, left	BRAIN	NORMAL
PD51123	PD51123d_lo0018	WGS_LCM	PD51123d	Cerebellum, left	BRAIN	NORMAL
PD51123	PD51123d_lo0023	WGS_LCM	PD51123d	Cerebellum, left	BRAIN	NORMAL
PD51123	PD51123d_lo0024	WGS_LCM	PD51123d	Cerebellum, left	BRAIN	NORMAL
PD51123	PD51123d_lo0025	WGS_LCM	PD51123d	Cerebellum, left	BRAIN	NORMAL
PD51123	PD51123e	WGS_bulk	PD51123e	Parietal cortex, right	BRAIN	NORMAL
PD51123	PD51123e_lo0002	WGS_LCM	PD51123e	Parietal cortex, right	BRAIN	NORMAL
PD51123	PD51123e_lo0004	WGS_LCM	PD51123e	Parietal cortex, right	BRAIN	NORMAL
PD51123	PD51123e_lo0007	WGS_LCM	PD51123e	Parietal cortex, right	BRAIN	NORMAL
PD51123	PD51123e_lo0013	WGS_LCM	PD51123e	Parietal cortex, right	BRAIN	NORMAL
PD51123	PD51123e_lo0020	WGS_LCM	PD51123e	Parietal cortex, right	BRAIN	NORMAL
PD51123	PD51123e_lo0022	WGS_LCM	PD51123e	Parietal cortex, right	BRAIN	NORMAL
PD51123	PD51123f	WGS_bulk	PD51123f	Temporal cortex, left	BRAIN	NORMAL
PD51123	PD51123f_lo0002	WGS_LCM	PD51123f	Temporal cortex, left	BRAIN	NORMAL
PD51123	PD51123f_lo0006	WGS_LCM	PD51123f	Temporal cortex, left	BRAIN	NORMAL
PD51123	PD51123f_lo0010	WGS_LCM	PD51123f	Temporal cortex, left	BRAIN	NORMAL
PD51123	PD51123f_lo0018	WGS_LCM	PD51123f	Temporal cortex, left	BRAIN	NORMAL
PD51123	PD51123f_lo0023	WGS_LCM	PD51123f	Temporal cortex, left	BRAIN	NORMAL
PD51123	PD51123f_lo0024	WGS_LCM	PD51123f	Temporal cortex, left	BRAIN	NORMAL
PD51123	PD51123g_lo0001	WGS_LCM	PD51123g	Cauda equina	SPINAL_CORD	NORMAL
PD51123	PD51123g_lo0005	WGS_LCM	PD51123g	Cauda equina	SPINAL_CORD	NORMAL
PD51123	PD51123g_lo0007	WGS_LCM	PD51123g	Cauda equina	SPINAL_CORD	NORMAL
PD51123	PD51123g_lo0010	WGS_LCM	PD51123g	Cauda equina	SPINAL_CORD	NORMAL
PD51123	PD51123h_lo0002	WGS_LCM	PD51123h	Skin 2, scalp	OTHER_VISCERA	NORMAL
PD51123	PD51123h_lo0010	WGS_LCM	PD51123h	Skin 2, scalp	OTHER_VISCERA	NORMAL
PD51123	PD51123h_lo0014	WGS_LCM	PD51123h	Skin 2, scalp	OTHER_VISCERA	NORMAL
PD51123	PD51123h_lo0015	WGS_LCM	PD51123h	Skin 2, scalp	OTHER_VISCERA	NORMAL
PD51123	PD51123h_lo0016	WGS_LCM	PD51123h	Skin 2, scalp	OTHER_VISCERA	NORMAL
PD51123	PD51123h_lo0018	WGS_LCM	PD51123h	Skin 2, scalp	OTHER_VISCERA	NORMAL
PD51123	PD51123h_lo0019	WGS_LCM	PD51123h	Skin 2, scalp	OTHER_VISCERA	NORMAL
PD51123	PD51123i	WGS_bulk	PD51123i	Medulla, caudal	BRAIN	NORMAL
PD51123	PD51123i_lo0001	WGS_LCM	PD51123i	Medulla, caudal	BRAIN	NORMAL
PD51123	PD51123i_lo0002	WGS_LCM	PD51123i	Medulla, caudal	BRAIN	NORMAL
PD51123	PD51123i_lo0003	WGS_LCM	PD51123i	Medulla, caudal	BRAIN	NORMAL
PD51123	PD51123i_lo0005	WGS_LCM	PD51123i	Medulla, caudal	BRAIN	NORMAL
PD51123	PD51123i_lo0010	WGS_LCM	PD51123i	Medulla, caudal	BRAIN	NORMAL
PD51123	PD51123i_lo0017	WGS_LCM	PD51123i	Medulla, caudal	BRAIN	NORMAL
PD51123	PD51123i_lo0019	WGS_LCM	PD51123i	Medulla, caudal	BRAIN	NORMAL
PD51123	PD51123i_lo0023	WGS_LCM	PD51123i	Medulla, caudal	BRAIN	NORMAL
PD51123	PD51123j	WGS_bulk	PD51123j	Frontal cortex, right anterior	BRAIN	NORMAL
PD51123	PD51123j_lo0003	WGS_LCM	PD51123j	Frontal cortex, right anterior	BRAIN	NORMAL
PD51123	PD51123j_lo0006	WGS_LCM	PD51123j	Frontal cortex, right anterior	BRAIN	NORMAL
PD51123	PD51123j_lo0009	WGS_LCM	PD51123j	Frontal cortex, right anterior	BRAIN	NORMAL
PD51123	PD51123j_lo0014	WGS_LCM	PD51123j	Frontal cortex, right anterior	BRAIN	NORMAL
PD51123	PD51123j_lo0019	WGS_LCM	PD51123j	Frontal cortex, right anterior	BRAIN	NORMAL
PD51123	PD51123j_lo0022	WGS_LCM	PD51123j	Frontal cortex, right anterior	BRAIN	NORMAL
PD51123	PD51123k	WGS_bulk	PD51123k	Occipital cortex, right	BRAIN	NORMAL
PD51123	PD51123k_lo0004	WGS_LCM	PD51123k	Occipital cortex, right	BRAIN	NORMAL
PD51123	PD51123k_lo0008	WGS_LCM	PD51123k	Occipital cortex, right	BRAIN	NORMAL
PD51123	PD51123k_lo0009	WGS_LCM	PD51123k	Occipital cortex, right	BRAIN	NORMAL
PD51123	PD51123k_lo0016	WGS_LCM	PD51123k	Occipital cortex, right	BRAIN	NORMAL
PD51123	PD51123l	WGS_bulk	PD51123l	Thalamus, tumour 1, right	BRAIN	TUMOUR
PD51123	PD51123l_lo0001	WGS_LCM	PD51123l	Thalamus, tumour 1, right	BRAIN	TUMOUR
PD51123	PD51123l_lo0003	WGS_LCM	PD51123l	Thalamus, tumour 1, right	BRAIN	TUMOUR
PD51123	PD51123l_lo0005	WGS_LCM	PD51123l	Thalamus, tumour 1, right	BRAIN	TUMOUR
PD51123	PD51123l_lo0006	WGS_LCM	PD51123l	Thalamus, tumour 1, right	BRAIN	TUMOUR
PD51123	PD51123l_lo0015	WGS_LCM	PD51123l	Thalamus, tumour 1, right	BRAIN	TUMOUR
PD51123	PD51123m	WGS_bulk	PD51123m	Thalamus, tumour 2, right	BRAIN	TUMOUR
PD51123	PD51123m_lo0002	WGS_LCM	PD51123m	Thalamus, tumour 2, right	BRAIN	TUMOUR
PD51123	PD51123m_lo0006	WGS_LCM	PD51123m	Thalamus, tumour 2, right	BRAIN	TUMOUR
PD51123	PD51123m_lo0011	WGS_LCM	PD51123m	Thalamus, tumour 2, right	BRAIN	TUMOUR
PD51123	PD51123m_lo0013	WGS_LCM	PD51123m	Thalamus, tumour 2, right	BRAIN	TUMOUR
PD51123	PD51123m_lo0014	WGS_LCM	PD51123m	Thalamus, tumour 2, right	BRAIN	TUMOUR
PD51123	PD51123n	WGS_bulk	PD51123n	Thalamus, tumour 3, right	BRAIN	TUMOUR
PD51123	PD51123n_lo0003	WGS_LCM	PD51123n	Thalamus, tumour 3, right	BRAIN	TUMOUR
PD51123	PD51123n_lo0007	WGS_LCM	PD51123n	Thalamus, tumour 3, right	BRAIN	TUMOUR
PD51123	PD51123n_lo0011	WGS_LCM	PD51123n	Thalamus, tumour 3, right	BRAIN	TUMOUR
PD51123	PD51123n_lo0016	WGS_LCM	PD51123n	Thalamus, tumour 3, right	BRAIN	TUMOUR
PD51123	PD51123n_lo0018	WGS_LCM	PD51123n	Thalamus, tumour 3, right	BRAIN	TUMOUR
PD51123	PD51123n_lo0019	WGS_LCM	PD51123n	Thalamus, tumour 3, right	BRAIN	TUMOUR
PD51123	PD51123n_lo0020	WGS_LCM	PD51123n	Thalamus, tumour 3, right	BRAIN	TUMOUR
PD51123	PD51123n_lo0021	WGS_LCM	PD51123n	Thalamus, tumour 3, right	BRAIN	TUMOUR
PD51123	PD51123o	WGS_bulk	PD51123o	Pons, tumour 1, left	BRAIN	TUMOUR
PD51123	PD51123o_lo0004	WGS_LCM	PD51123o	Pons, tumour 1, left	BRAIN	TUMOUR
PD51123	PD51123o_lo0005	WGS_LCM	PD51123o	Pons, tumour 1, left	BRAIN	TUMOUR
PD51123	PD51123o_lo0007	WGS_LCM	PD51123o	Pons, tumour 1, left	BRAIN	TUMOUR
PD51123	PD51123o_lo0008	WGS_LCM	PD51123o	Pons, tumour 1, left	BRAIN	TUMOUR
PD51123	PD51123o_lo0010	WGS_LCM	PD51123o	Pons, tumour 1, left	BRAIN	TUMOUR
PD51123	PD51123o_lo0012	WGS_LCM	PD51123o	Pons, tumour 1, left	BRAIN	TUMOUR
PD51123	PD51123p	WGS_bulk	PD51123p	Pons, tumour 2, left	BRAIN	TUMOUR
PD51123	PD51123p_lo0002	WGS_LCM	PD51123p	Pons, tumour 2, left	BRAIN	TUMOUR
PD51123	PD51123p_lo0004	WGS_LCM	PD51123p	Pons, tumour 2, left	BRAIN	TUMOUR
PD51123	PD51123p_lo0007	WGS_LCM	PD51123p	Pons, tumour 2, left	BRAIN	TUMOUR
PD51123	PD51123p_lo0010	WGS_LCM	PD51123p	Pons, tumour 2, left	BRAIN	TUMOUR
PD51123	PD51123p_lo0012	WGS_LCM	PD51123p	Pons, tumour 2, left	BRAIN	TUMOUR
PD51123	PD51123q	WGS_bulk	PD51123q	Pons, tumour 3, left	BRAIN	TUMOUR
PD51123	PD51123q_lo0004	WGS_LCM	PD51123q	Pons, tumour 3, left	BRAIN	TUMOUR
PD51123	PD51123q_lo0008	WGS_LCM	PD51123q	Pons, tumour 3, left	BRAIN	TUMOUR
PD51123	PD51123q_lo0012	WGS_LCM	PD51123q	Pons, tumour 3, left	BRAIN	TUMOUR
PD51123	PD51123r_lo0002	WGS_LCM	PD51123r	?	?	?
PD51123	PD51123r_lo0004	WGS_LCM	PD51123r	?	?	?
PD51123	PD51123r_lo0007	WGS_LCM	PD51123r	?	?	?
PD51123	PD51123r_lo0012	WGS_LCM	PD51123r	?	?	?
PD51123	PD51123r_lo0016	WGS_LCM	PD51123r	?	?	?
PD51123	PD51123r_lo0017	WGS_LCM	PD51123r	?	?	?
PD51123	PD51123r_lo0018	WGS_LCM	PD51123r	?	?	?
PD51123	PD51123r_lo0024	WGS_LCM	PD51123r	?	?	?
PD51123	PD51123r_lo0027	WGS_LCM	PD51123r	?	?	?
PD51123	PD51123r_lo0029	WGS_LCM	PD51123r	?	?	?
PD51123	PD51123r_lo0030	WGS_LCM	PD51123r	?	?	?
PD51123	PD51123r_lo0031	WGS_LCM	PD51123r	?	?	?
PD51123	PD51123r_lo0034	WGS_LCM	PD51123r	?	?	?
PD51123	PD51123r_lo0036	WGS_LCM	PD51123r	?	?	?
PD51123	PD51123r3	WGS_bulk	PD51123r	?	?	?
PD51123	PD51123s	WGS_bulk	PD51123s	Frontal cortex, left anterior	BRAIN	NORMAL
PD51123	PD51123s_lo0005	WGS_LCM	PD51123s	Frontal cortex, left anterior	BRAIN	NORMAL
PD51123	PD51123s_lo0010	WGS_LCM	PD51123s	Frontal cortex, left anterior	BRAIN	NORMAL
PD51123	PD51123s_lo0011	WGS_LCM	PD51123s	Frontal cortex, left anterior	BRAIN	NORMAL
PD51123	PD51123s_lo0015	WGS_LCM	PD51123s	Frontal cortex, left anterior	BRAIN	NORMAL
PD51123	PD51123s_lo0017	WGS_LCM	PD51123s	Frontal cortex, left anterior	BRAIN	NORMAL
PD51123	PD51123s_lo0023	WGS_LCM	PD51123s	Frontal cortex, left anterior	BRAIN	NORMAL
PD51123	PD51123t	WGS_bulk	PD51123t	Spinal cord, cervical	SPINAL_CORD	NORMAL
PD51123	PD51123t_lo0001	WGS_LCM	PD51123t	Spinal cord, cervical	SPINAL_CORD	NORMAL
PD51123	PD51123t_lo0003	WGS_LCM	PD51123t	Spinal cord, cervical	SPINAL_CORD	NORMAL
PD51123	PD51123t_lo0006	WGS_LCM	PD51123t	Spinal cord, cervical	SPINAL_CORD	NORMAL
PD51123	PD51123t_lo0010	WGS_LCM	PD51123t	Spinal cord, cervical	SPINAL_CORD	NORMAL
PD51123	PD51123t_lo0012	WGS_LCM	PD51123t	Spinal cord, cervical	SPINAL_CORD	NORMAL
PD51123	PD51123t_lo0014	WGS_LCM	PD51123t	Spinal cord, cervical	SPINAL_CORD	NORMAL
PD51123	PD51123t_lo0015	WGS_LCM	PD51123t	Spinal cord, cervical	SPINAL_CORD	NORMAL
PD51123	PD51123t_lo0016	WGS_LCM	PD51123t	Spinal cord, cervical	SPINAL_CORD	NORMAL
PD51123	PD51123t_lo0020	WGS_LCM	PD51123t	Spinal cord, cervical	SPINAL_CORD	NORMAL
PD51123	PD51123t_lo0024	WGS_LCM	PD51123t	Spinal cord, cervical	SPINAL_CORD	NORMAL
PD51123	PD51123t_lo0028	WGS_LCM	PD51123t	Spinal cord, cervical	SPINAL_CORD	NORMAL
PD51123	PD51123t_lo0030	WGS_LCM	PD51123t	Spinal cord, cervical	SPINAL_CORD	NORMAL
PD51123	PD51123u	WGS_bulk	PD51123u	Cerebellum, right	BRAIN	NORMAL
PD51123	PD51123u_lo0002	WGS_LCM	PD51123u	Cerebellum, right	BRAIN	NORMAL
PD51123	PD51123u_lo0005	WGS_LCM	PD51123u	Cerebellum, right	BRAIN	NORMAL
PD51123	PD51123u_lo0006	WGS_LCM	PD51123u	Cerebellum, right	BRAIN	NORMAL
PD51123	PD51123u_lo0007	WGS_LCM	PD51123u	Cerebellum, right	BRAIN	NORMAL
PD51123	PD51123u_lo0008	WGS_LCM	PD51123u	Cerebellum, right	BRAIN	NORMAL
PD51123	PD51123u_lo0010	WGS_LCM	PD51123u	Cerebellum, right	BRAIN	NORMAL
PD51123	PD51123u_lo0013	WGS_LCM	PD51123u	Cerebellum, right	BRAIN	NORMAL
PD51123	PD51123u_lo0015	WGS_LCM	PD51123u	Cerebellum, right	BRAIN	NORMAL
PD51123	PD51123v_lo0003	WGS_LCM	PD51123v	Thalamus, interface with tumour, right	BRAIN	TUMOUR
PD51123	PD51123v_lo0008	WGS_LCM	PD51123v	Thalamus, interface with tumour, right	BRAIN	TUMOUR
PD51123	PD51123v_lo0011	WGS_LCM	PD51123v	Thalamus, interface with tumour, right	BRAIN	TUMOUR
PD51123	PD51123v_lo0014	WGS_LCM	PD51123v	Thalamus, interface with tumour, right	BRAIN	TUMOUR
PD51123	PD51123v_lo0016	WGS_LCM	PD51123v	Thalamus, interface with tumour, right	BRAIN	TUMOUR
PD51123	PD51123w	WGS_bulk	PD51123w	Occipital cortex, left	BRAIN	NORMAL
PD51123	PD51123w_lo0004	WGS_LCM	PD51123w	Occipital cortex, left	BRAIN	NORMAL
PD51123	PD51123w_lo0005	WGS_LCM	PD51123w	Occipital cortex, left	BRAIN	NORMAL
PD51123	PD51123w_lo0011	WGS_LCM	PD51123w	Occipital cortex, left	BRAIN	NORMAL
PD51123	PD51123w_lo0013	WGS_LCM	PD51123w	Occipital cortex, left	BRAIN	NORMAL
PD51123	PD51123w_lo0015	WGS_LCM	PD51123w	Occipital cortex, left	BRAIN	NORMAL
PD51123	PD51123w_lo0019	WGS_LCM	PD51123w	Occipital cortex, left	BRAIN	NORMAL
PD51123	PD51123x_lo0006	WGS_LCM	PD51123x	?	?	?
PD51123	PD51123x_lo0007	WGS_LCM	PD51123x	?	?	?
PD51123	PD51123x_lo0012	WGS_LCM	PD51123x	?	?	?
PD51123	PD51123x_lo0013	WGS_LCM	PD51123x	?	?	?
PD51123	PD51123x_lo0018	WGS_LCM	PD51123x	?	?	?
PD51123	PD51123x_lo0023	WGS_LCM	PD51123x	?	?	?
PD51123	PD51123x3	WGS_bulk	PD51123x	?	?	?
PD51123	PD51123y_lo0001	WGS_LCM	PD51123y	Pituitary gland	BRAIN	NORMAL
PD51123	PD51123y_lo0004	WGS_LCM	PD51123y	Pituitary gland	BRAIN	NORMAL
PD51123	PD51123y_lo0005	WGS_LCM	PD51123y	Pituitary gland	BRAIN	NORMAL
PD51123	PD51123y_lo0006	WGS_LCM	PD51123y	Pituitary gland	BRAIN	NORMAL
PD51123	PD51123y_lo0009	WGS_LCM	PD51123y	Pituitary gland	BRAIN	NORMAL
PD51123	PD51123y_lo0013	WGS_LCM	PD51123y	Pituitary gland	BRAIN	NORMAL
PD51123	PD51123y_lo0017	WGS_LCM	PD51123y	Pituitary gland	BRAIN	NORMAL
PD51123	PD51123y_lo0024	WGS_LCM	PD51123y	Pituitary gland	BRAIN	NORMAL
PD51123	PD51123z	WGS_bulk	PD51123z	Parietal cortex, left	BRAIN	NORMAL
PD51123	PD51123z_lo0002	WGS_LCM	PD51123z	Parietal cortex, left	BRAIN	NORMAL
PD51123	PD51123z_lo0003	WGS_LCM	PD51123z	Parietal cortex, left	BRAIN	NORMAL
PD51123	PD51123z_lo0012	WGS_LCM	PD51123z	Parietal cortex, left	BRAIN	NORMAL
PD51123	PD51123z_lo0015	WGS_LCM	PD51123z	Parietal cortex, left	BRAIN	NORMAL
PD51123	PD51123z_lo0018	WGS_LCM	PD51123z	Parietal cortex, left	BRAIN	NORMAL
PD51123	PD51123z_lo0020	WGS_LCM	PD51123z	Parietal cortex, left	BRAIN	NORMAL
